Date,pm25
2011-05-16,44.0
2011-05-17,24.0
2011-05-18,28.5
2011-05-19,31.0
2011-05-20,31.0
2011-05-21,25.0
2011-05-22,21.5
2011-05-23,21.5
2011-05-24,30.5
2011-05-25,34.5
2011-05-26,29.5
2011-05-27,17.0
2011-05-28,19.666666666666668
2011-05-29,14.333333333333334
2011-05-30,13.666666666666666
2011-05-31,14.0
2011-06-01,19.333333333333332
2011-06-02,20.333333333333332
2011-06-03,21.666666666666668
2011-06-04,19.0
2011-06-05,15.666666666666666
2011-06-06,16.333333333333332
2011-06-07,18.666666666666668
2011-06-08,16.333333333333332
2011-06-09,13.333333333333334
2011-06-10,16.666666666666668
2011-06-11,14.0
2011-06-12,14.0
2011-06-13,14.666666666666666
2011-06-14,13.333333333333334
2011-06-15,12.0
2011-06-16,15.666666666666666
2011-06-17,14.666666666666666
2011-06-18,16.0
2011-06-19,13.0
2011-06-20,16.0
2011-06-21,20.0
2011-06-22,25.0
2011-06-23,25.333333333333332
2011-06-24,22.666666666666668
2011-06-25,26.666666666666668
2011-06-26,25.666666666666668
2011-06-27,24.0
2011-06-28,22.0
2011-06-29,22.333333333333332
2011-06-30,23.333333333333332
2011-07-01,16.333333333333332
2011-07-02,17.0
2011-07-03,16.0
2011-07-04,18.666666666666668
2011-07-05,23.0
2011-07-06,18.666666666666668
2011-07-07,22.333333333333332
2011-07-08,23.333333333333332
2011-07-09,20.666666666666668
2011-07-10,14.666666666666666
2011-07-11,14.333333333333334
2011-07-12,18.666666666666668
2011-07-13,15.666666666666666
2011-07-14,16.333333333333332
2011-07-15,10.0
2011-07-16,11.666666666666666
2011-07-17,15.0
2011-07-18,18.0
2011-07-19,15.0
2011-07-20,19.0
2011-07-21,15.666666666666666
2011-07-22,14.0
2011-07-23,15.0
2011-07-24,15.333333333333334
2011-07-25,15.333333333333334
2011-07-26,13.333333333333334
2011-07-27,13.666666666666666
2011-07-28,13.333333333333334
2011-07-29,12.666666666666666
2011-07-30,11.0
2011-07-31,12.333333333333334
2011-08-01,13.333333333333334
2011-08-02,12.0
2011-08-03,14.333333333333334
2011-08-04,18.666666666666668
2011-08-05,22.333333333333332
2011-08-06,18.333333333333332
2011-08-07,16.0
2011-08-08,15.666666666666666
2011-08-09,16.0
2011-08-10,19.333333333333332
2011-08-11,14.666666666666666
2011-08-12,14.666666666666666
2011-08-13,15.333333333333334
2011-08-14,19.333333333333332
2011-08-15,20.666666666666668
2011-08-16,20.666666666666668
2011-08-17,22.0
2011-08-18,18.0
2011-08-19,13.0
2011-08-20,13.0
2011-08-21,9.0
2011-08-22,12.333333333333334
2011-08-23,11.0
2011-08-24,13.0
2011-08-25,18.666666666666668
2011-08-26,17.333333333333332
2011-08-27,16.333333333333332
2011-08-28,12.666666666666666
2011-08-29,14.333333333333334
2011-08-30,15.0
2011-08-31,15.333333333333334
2011-09-01,15.333333333333334
2011-09-02,13.0
2011-09-03,13.666666666666666
2011-09-04,14.0
2011-09-05,15.333333333333334
2011-09-06,19.666666666666668
2011-09-07,16.0
2011-09-08,14.666666666666666
2011-09-09,17.333333333333332
2011-09-10,19.666666666666668
2011-09-11,17.666666666666668
2011-09-12,14.0
2011-09-13,12.333333333333334
2011-09-14,12.333333333333334
2011-09-15,13.333333333333334
2011-09-16,16.666666666666668
2011-09-17,15.333333333333334
2011-09-18,14.333333333333334
2011-09-19,17.666666666666668
2011-09-20,13.333333333333334
2011-09-21,17.0
2011-09-22,21.5
2011-09-23,20.0
2011-09-24,14.0
2011-09-25,17.333333333333332
2011-09-26,20.666666666666668
2011-09-27,21.0
2011-09-28,14.333333333333334
2011-09-29,16.333333333333332
2011-09-30,12.0
2011-10-01,13.333333333333334
2011-10-02,13.666666666666666
2011-10-03,18.0
2011-10-04,17.0
2011-10-05,18.666666666666668
2011-10-06,13.333333333333334
2011-10-07,13.666666666666666
2011-10-08,16.333333333333332
2011-10-09,23.0
2011-10-10,23.666666666666668
2011-10-11,21.666666666666668
2011-10-12,13.0
2011-10-13,19.333333333333332
2011-10-14,18.0
2011-10-15,24.333333333333332
2011-10-16,17.333333333333332
2011-10-17,19.333333333333332
2011-10-18,24.333333333333332
2011-10-19,33.333333333333336
2011-10-20,34.666666666666664
2011-10-21,31.333333333333332
2011-10-22,27.666666666666668
2011-10-23,29.666666666666668
2011-10-24,33.333333333333336
2011-10-25,27.666666666666668
2011-10-26,25.0
2011-10-27,29.0
2011-10-28,21.0
2011-10-29,19.0
2011-10-30,19.333333333333332
2011-10-31,26.666666666666668
2011-11-01,25.666666666666668
2011-11-02,26.0
2011-11-03,31.666666666666668
2011-11-04,34.0
2011-11-05,36.0
2011-11-06,32.0
2011-11-07,37.0
2011-11-08,33.333333333333336
2011-11-09,41.5
2011-11-10,40.0
2011-11-11,34.666666666666664
2011-11-12,29.0
2011-11-13,25.0
2011-11-14,29.666666666666668
2011-11-15,28.666666666666668
2011-11-16,31.333333333333332
2011-11-17,33.666666666666664
2011-11-18,37.0
2011-11-19,53.0
2011-11-20,34.0
2011-11-21,46.0
2011-11-22,29.333333333333332
2011-11-23,20.666666666666668
2011-11-24,23.333333333333332
2011-11-25,35.0
2011-11-26,30.333333333333332
2011-11-27,30.0
2011-11-28,35.0
2011-11-29,20.0
2011-11-30,20.0
2011-12-01,30.666666666666668
2011-12-02,29.0
2011-12-03,25.333333333333332
2011-12-04,27.0
2011-12-05,31.666666666666668
2011-12-06,39.333333333333336
2011-12-07,30.666666666666668
2011-12-08,26.333333333333332
2011-12-09,24.666666666666668
2011-12-10,23.333333333333332
2011-12-11,24.333333333333332
2011-12-12,38.333333333333336
2011-12-13,31.0
2011-12-14,32.5
2011-12-15,31.0
2011-12-16,32.666666666666664
2011-12-17,31.333333333333332
2011-12-18,33.0
2011-12-19,21.0
2011-12-20,25.5
2011-12-21,28.5
2011-12-22,33.333333333333336
2011-12-23,35.333333333333336
2011-12-24,34.0
2011-12-25,44.666666666666664
2011-12-26,41.5
2011-12-27,51.0
2011-12-28,44.0
2011-12-29,33.0
2011-12-30,24.0
2011-12-31,23.0
2012-01-01,21.0
2012-01-02,17.5
2012-01-03,19.0
2012-01-04,23.0
2012-01-05,33.333333333333336
2012-01-06,33.333333333333336
2012-01-07,36.333333333333336
2012-01-08,26.0
2012-01-09,28.0
2012-01-10,35.0
2012-01-11,33.666666666666664
2012-01-12,33.0
2012-01-13,35.666666666666664
2012-01-14,40.333333333333336
2012-01-15,25.333333333333332
2012-01-16,22.0
2012-01-17,24.666666666666668
2012-01-18,20.666666666666668
2012-01-19,18.0
2012-01-20,19.5
2012-01-21,15.0
2012-01-22,16.0
2012-01-23,18.0
2012-01-24,14.0
2012-01-25,23.0
2012-01-26,33.5
2012-01-27,32.5
2012-01-28,37.0
2012-01-29,39.5
2012-01-30,38.5
2012-01-31,39.0
2012-02-01,43.0
2012-02-02,47.5
2012-02-03,41.0
2012-02-04,31.333333333333332
2012-02-05,31.5
2012-02-06,20.333333333333332
2012-02-07,21.0
2012-02-08,28.0
2012-02-09,26.0
2012-02-10,23.333333333333332
2012-02-11,31.0
2012-02-12,36.5
2012-02-13,28.333333333333332
2012-02-14,31.333333333333332
2012-02-15,37.666666666666664
2012-02-16,40.666666666666664
2012-02-17,58.333333333333336
2012-02-18,50.333333333333336
2012-02-19,39.333333333333336
2012-02-20,48.0
2012-02-21,59.333333333333336
2012-02-22,56.0
2012-02-23,52.333333333333336
2012-02-24,43.666666666666664
2012-02-25,50.333333333333336
2012-02-26,48.0
2012-02-27,36.666666666666664
2012-02-28,34.0
2012-02-29,38.666666666666664
2012-03-01,42.666666666666664
2012-03-02,49.333333333333336
2012-03-03,41.0
2012-03-04,35.666666666666664
2012-03-05,39.333333333333336
2012-03-06,45.0
2012-03-07,50.0
2012-03-08,48.666666666666664
2012-03-09,59.333333333333336
2012-03-10,47.0
2012-03-11,31.0
2012-03-12,37.666666666666664
2012-03-13,30.0
2012-03-14,33.0
2012-03-15,33.666666666666664
2012-03-16,29.333333333333332
2012-03-17,34.0
2012-03-18,58.666666666666664
2012-03-19,59.666666666666664
2012-03-20,60.333333333333336
2012-03-21,65.33333333333333
2012-03-22,60.666666666666664
2012-03-23,63.0
2012-03-24,51.0
2012-03-25,46.0
2012-03-26,46.333333333333336
2012-03-27,57.333333333333336
2012-03-28,60.666666666666664
2012-03-29,57.666666666666664
2012-03-30,60.333333333333336
2012-03-31,68.66666666666667
2012-04-01,56.0
2012-04-02,65.33333333333333
2012-04-03,69.5
2012-04-04,41.666666666666664
2012-04-05,25.333333333333332
2012-04-06,26.333333333333332
2012-04-07,26.666666666666668
2012-04-08,23.0
2012-04-09,30.0
2012-04-10,26.0
2012-04-11,21.333333333333332
2012-04-12,22.666666666666668
2012-04-13,24.333333333333332
2012-04-14,23.0
2012-04-15,24.0
2012-04-16,19.0
2012-04-17,20.0
2012-04-18,20.0
2012-04-19,21.0
2012-04-20,19.666666666666668
2012-04-21,28.0
2012-04-22,29.333333333333332
2012-04-23,30.333333333333332
2012-04-24,30.666666666666668
2012-04-25,36.666666666666664
2012-04-26,37.0
2012-04-27,33.0
2012-04-28,30.666666666666668
2012-04-29,24.333333333333332
2012-04-30,21.0
2012-05-01,19.0
2012-05-02,18.0
2012-05-03,18.333333333333332
2012-05-04,15.0
2012-05-05,13.333333333333334
2012-05-06,10.666666666666666
2012-05-07,15.0
2012-05-08,20.0
2012-05-09,25.333333333333332
2012-05-10,24.333333333333332
2012-05-11,26.0
2012-05-12,25.0
2012-05-13,23.666666666666668
2012-05-14,24.0
2012-05-15,25.0
2012-05-16,21.0
2012-05-17,28.333333333333332
2012-05-18,21.0
2012-05-19,18.0
2012-05-20,16.0
2012-05-21,14.0
2012-05-22,20.0
2012-05-23,20.666666666666668
2012-05-24,21.0
2012-05-25,23.0
2012-05-26,16.333333333333332
2012-05-27,13.333333333333334
2012-05-28,13.5
2012-05-29,13.666666666666666
2012-05-30,15.333333333333334
2012-05-31,17.333333333333332
2012-06-01,13.5
2012-06-02,15.5
2012-06-03,22.333333333333332
2012-06-04,20.333333333333332
2012-06-05,24.333333333333332
2012-06-06,22.0
2012-06-07,20.666666666666668
2012-06-08,16.666666666666668
2012-06-09,14.0
2012-06-10,14.333333333333334
2012-06-11,14.333333333333334
2012-06-12,18.666666666666668
2012-06-13,21.333333333333332
2012-06-14,19.666666666666668
2012-06-15,27.333333333333332
2012-06-16,20.666666666666668
2012-06-17,16.0
2012-06-18,13.0
2012-06-19,18.75
2012-06-20,17.0
2012-06-21,24.8
2012-06-22,25.0
2012-06-23,24.0
2012-06-24,20.8
2012-06-25,19.0
2012-06-26,19.0
2012-06-27,20.25
2012-06-28,19.75
2012-06-29,18.75
2012-06-30,20.75
2012-07-01,22.0
2012-07-02,23.25
2012-07-03,21.75
2012-07-04,19.25
2012-07-05,19.75
2012-07-06,18.6
2012-07-07,16.2
2012-07-08,12.4
2012-07-09,16.2
2012-07-10,20.2
2012-07-11,17.2
2012-07-12,15.6
2012-07-13,17.8
2012-07-14,18.2
2012-07-15,17.0
2012-07-16,18.0
2012-07-17,20.8
2012-07-18,26.0
2012-07-19,16.6
2012-07-20,17.5
2012-07-21,19.5
2012-07-22,19.0
2012-07-23,20.0
2012-07-24,17.0
2012-07-25,16.6
2012-07-26,19.0
2012-07-27,21.8
2012-07-28,21.8
2012-07-29,22.0
2012-07-30,24.5
2012-07-31,15.8
2012-08-01,16.2
2012-08-02,14.6
2012-08-03,17.6
2012-08-04,18.4
2012-08-05,17.6
2012-08-06,17.8
2012-08-07,16.6
2012-08-08,15.5
2012-08-09,14.5
2012-08-10,25.8
2012-08-11,29.8
2012-08-12,29.5
2012-08-13,15.0
2012-08-14,12.333333333333334
2012-08-15,17.333333333333332
2012-08-16,20.25
2012-08-17,17.5
2012-08-18,17.0
2012-08-19,13.75
2012-08-20,12.75
2012-08-21,17.0
2012-08-22,18.6
2012-08-23,18.0
2012-08-24,20.25
2012-08-25,19.0
2012-08-26,19.0
2012-08-27,11.8
2012-08-28,14.0
2012-08-29,20.75
2012-08-30,16.4
2012-08-31,19.8
2012-09-01,17.0
2012-09-02,17.6
2012-09-03,21.25
2012-09-04,20.75
2012-09-05,21.4
2012-09-06,18.8
2012-09-07,15.8
2012-09-08,15.4
2012-09-09,19.0
2012-09-10,24.6
2012-09-11,21.0
2012-09-12,16.5
2012-09-13,16.6
2012-09-14,18.2
2012-09-15,18.6
2012-09-16,19.6
2012-09-17,18.25
2012-09-18,21.8
2012-09-19,22.25
2012-09-20,21.75
2012-09-21,18.2
2012-09-22,20.6
2012-09-23,16.8
2012-09-24,18.4
2012-09-25,21.4
2012-09-26,27.0
2012-09-27,21.6
2012-09-28,20.2
2012-09-29,31.0
2012-09-30,36.6
2012-10-01,34.6
2012-10-02,33.4
2012-10-03,21.25
2012-10-04,17.8
2012-10-05,20.6
2012-10-06,23.8
2012-10-07,26.4
2012-10-08,21.8
2012-10-09,18.75
2012-10-10,23.25
2012-10-11,31.5
2012-10-12,36.75
2012-10-13,38.5
2012-10-14,35.25
2012-10-15,30.0
2012-10-16,23.666666666666668
2012-10-17,33.5
2012-10-18,25.25
2012-10-19,33.0
2012-10-20,35.0
2012-10-21,33.2
2012-10-22,27.0
2012-10-23,24.0
2012-10-24,21.6
2012-10-25,23.6
2012-10-26,29.4
2012-10-27,27.6
2012-10-28,31.2
2012-10-29,27.6
2012-10-30,22.25
2012-10-31,23.8
2012-11-01,22.8
2012-11-02,30.4
2012-11-03,31.0
2012-11-04,30.8
2012-11-05,34.0
2012-11-06,31.0
2012-11-07,28.25
2012-11-08,25.0
2012-11-09,26.4
2012-11-10,26.6
2012-11-11,29.5
2012-11-12,23.8
2012-11-13,27.2
2012-11-14,26.8
2012-11-15,28.6
2012-11-16,27.2
2012-11-17,24.8
2012-11-18,21.2
2012-11-19,22.25
2012-11-20,27.0
2012-11-21,26.0
2012-11-22,29.8
2012-11-23,28.0
2012-11-24,28.0
2012-11-25,22.0
2012-11-26,22.2
2012-11-27,24.0
2012-11-28,25.0
2012-11-29,26.0
2012-11-30,32.0
2012-12-01,29.2
2012-12-02,29.2
2012-12-03,29.0
2012-12-04,31.6
2012-12-05,26.6
2012-12-06,29.6
2012-12-07,37.25
2012-12-08,34.2
2012-12-09,37.5
2012-12-10,30.5
2012-12-11,34.0
2012-12-12,23.333333333333332
2012-12-13,37.25
2012-12-14,37.0
2012-12-15,38.666666666666664
2012-12-16,37.0
2012-12-17,42.8
2012-12-18,45.2
2012-12-19,39.4
2012-12-20,38.0
2012-12-21,31.5
2012-12-22,32.75
2012-12-23,28.25
2012-12-24,33.25
2012-12-25,47.75
2012-12-26,48.4
2012-12-27,47.8
2012-12-28,51.25
2012-12-29,41.0
2012-12-30,36.0
2012-12-31,26.5
2013-01-01,38.75
2013-01-02,40.0
2013-01-03,42.4
2013-01-04,38.25
2013-01-05,40.0
2013-01-06,47.2
2013-01-07,47.4
2013-01-08,57.8
2013-01-09,62.4
2013-01-10,66.0
2013-01-11,45.2
2013-01-12,37.0
2013-01-13,34.8
2013-01-14,40.4
2013-01-15,43.0
2013-01-16,53.8
2013-01-17,55.8
2013-01-18,47.0
2013-01-19,48.8
2013-01-20,61.2
2013-01-21,69.25
2013-01-22,76.2
2013-01-23,63.4
2013-01-24,42.4
2013-01-25,34.4
2013-01-26,29.8
2013-01-27,31.6
2013-01-28,34.0
2013-01-29,43.0
2013-01-30,42.6
2013-01-31,39.5
2013-02-01,37.8
2013-02-02,46.0
2013-02-03,42.8
2013-02-04,52.2
2013-02-05,57.75
2013-02-06,33.2
2013-02-07,33.8
2013-02-08,34.2
2013-02-09,35.0
2013-02-10,41.6
2013-02-11,48.0
2013-02-12,48.8
2013-02-13,53.0
2013-02-14,68.8
2013-02-15,72.8
2013-02-16,47.6
2013-02-17,46.6
2013-02-18,32.8
2013-02-19,26.5
2013-02-20,37.75
2013-02-21,43.75
2013-02-22,49.5
2013-02-23,36.0
2013-02-24,40.0
2013-02-25,52.2
2013-02-26,57.6
2013-02-27,41.0
2013-02-28,24.75
2013-03-01,21.0
2013-03-02,23.25
2013-03-03,27.75
2013-03-04,31.75
2013-03-05,36.5
2013-03-06,47.75
2013-03-07,51.4
2013-03-08,49.5
2013-03-09,34.4
2013-03-10,34.4
2013-03-11,39.0
2013-03-12,39.6
2013-03-13,44.4
2013-03-14,46.8
2013-03-15,49.6
2013-03-16,46.2
2013-03-17,42.25
2013-03-18,33.0
2013-03-19,32.0
2013-03-20,42.6
2013-03-21,57.8
2013-03-22,46.2
2013-03-23,20.75
2013-03-24,20.75
2013-03-25,27.5
2013-03-26,37.25
2013-03-27,36.25
2013-03-28,53.2
2013-03-29,42.4
2013-03-30,40.2
2013-03-31,34.8
2013-04-01,31.0
2013-04-02,31.4
2013-04-03,39.0
2013-04-04,44.2
2013-04-05,46.4
2013-04-06,59.2
2013-04-07,58.5
2013-04-08,59.75
2013-04-09,50.5
2013-04-10,52.6
2013-04-11,41.4
2013-04-12,39.75
2013-04-13,32.25
2013-04-14,26.5
2013-04-15,18.6
2013-04-16,16.8
2013-04-17,24.6
2013-04-18,29.4
2013-04-19,36.4
2013-04-20,36.2
2013-04-21,31.2
2013-04-22,26.6
2013-04-23,22.6
2013-04-24,28.8
2013-04-25,22.2
2013-04-26,23.0
2013-04-27,22.2
2013-04-28,24.4
2013-04-29,23.6
2013-04-30,24.2
2013-05-01,24.4
2013-05-02,23.4
2013-05-03,22.4
2013-05-04,19.2
2013-05-05,22.4
2013-05-06,24.2
2013-05-07,19.8
2013-05-08,22.0
2013-05-09,21.0
2013-05-10,19.8
2013-05-11,18.75
2013-05-12,19.4
2013-05-13,21.2
2013-05-14,17.75
2013-05-15,20.75
2013-05-16,19.2
2013-05-17,19.4
2013-05-18,15.6
2013-05-19,18.0
2013-05-20,17.0
2013-05-21,22.2
2013-05-22,24.2
2013-05-23,23.2
2013-05-24,20.0
2013-05-25,15.0
2013-05-26,15.4
2013-05-27,17.0
2013-05-28,18.2
2013-05-29,20.8
2013-05-30,23.0
2013-05-31,22.75
2013-06-01,20.75
2013-06-02,17.0
2013-06-03,16.75
2013-06-04,18.4
2013-06-05,17.8
2013-06-06,18.4
2013-06-07,21.2
2013-06-08,19.2
2013-06-09,18.4
2013-06-10,20.0
2013-06-11,19.5
2013-06-12,22.8
2013-06-13,23.2
2013-06-14,24.4
2013-06-15,23.4
2013-06-16,28.2
2013-06-17,22.4
2013-06-18,24.0
2013-06-19,19.2
2013-06-20,22.2
2013-06-21,21.2
2013-06-22,24.0
2013-06-23,24.8
2013-06-24,24.2
2013-06-25,20.75
2013-06-26,22.25
2013-06-27,13.333333333333334
2013-06-28,18.333333333333332
2013-06-29,18.666666666666668
2013-06-30,17.0
2013-07-01,19.666666666666668
2013-07-02,15.0
2013-07-03,17.333333333333332
2013-07-04,17.4
2013-07-05,19.8
2013-07-06,22.4
2013-07-07,21.0
2013-07-08,18.6
2013-07-09,17.2
2013-07-10,17.0
2013-07-11,18.4
2013-07-12,18.6
2013-07-13,15.6
2013-07-14,13.2
2013-07-15,14.2
2013-07-16,17.0
2013-07-17,14.8
2013-07-18,17.2
2013-07-19,18.2
2013-07-20,20.6
2013-07-21,18.2
2013-07-22,16.8
2013-07-23,17.6
2013-07-24,14.2
2013-07-25,17.2
2013-07-26,17.2
2013-07-27,20.8
2013-07-28,18.0
2013-07-29,14.4
2013-07-30,14.8
2013-07-31,17.6
2013-08-01,19.6
2013-08-02,20.2
2013-08-03,18.8
2013-08-04,18.2
2013-08-05,20.0
2013-08-06,22.8
2013-08-07,20.2
2013-08-08,20.4
2013-08-09,17.6
2013-08-10,16.0
2013-08-11,15.8
2013-08-12,19.0
2013-08-13,15.6
2013-08-14,15.6
2013-08-15,19.0
2013-08-16,16.2
2013-08-17,14.8
2013-08-18,16.2
2013-08-19,17.0
2013-08-20,16.2
2013-08-21,17.4
2013-08-22,16.2
2013-08-23,17.0
2013-08-24,19.2
2013-08-25,17.2
2013-08-26,21.0
2013-08-27,24.0
2013-08-28,28.0
2013-08-29,19.2
2013-08-30,15.4
2013-08-31,19.2
2013-09-01,18.6
2013-09-02,15.2
2013-09-03,19.0
2013-09-04,17.5
2013-09-05,19.0
2013-09-06,16.8
2013-09-07,21.5
2013-09-08,21.2
2013-09-09,23.2
2013-09-10,25.4
2013-09-11,17.6
2013-09-12,20.4
2013-09-13,20.6
2013-09-14,18.8
2013-09-15,16.6
2013-09-16,15.0
2013-09-17,17.2
2013-09-18,19.6
2013-09-19,12.8
2013-09-20,16.25
2013-09-21,17.4
2013-09-22,16.4
2013-09-23,14.75
2013-09-24,16.8
2013-09-25,15.0
2013-09-26,20.0
2013-09-27,18.4
2013-09-28,20.2
2013-09-29,19.2
2013-09-30,16.0
2013-10-01,19.25
2013-10-02,18.75
2013-10-03,16.25
2013-10-04,22.75
2013-10-05,29.0
2013-10-06,25.0
2013-10-07,26.5
2013-10-08,23.8
2013-10-09,33.6
2013-10-10,33.166666666666664
2013-10-11,39.833333333333336
2013-10-12,43.25
2013-10-13,39.8
2013-10-14,35.25
2013-10-15,35.75
2013-10-16,32.0
2013-10-17,23.25
2013-10-18,19.5
2013-10-19,26.6
2013-10-20,20.75
2013-10-21,21.2
2013-10-22,29.25
2013-10-23,32.333333333333336
2013-10-24,28.2
2013-10-25,34.2
2013-10-26,39.6
2013-10-27,45.6
2013-10-28,42.8
2013-10-29,38.0
2013-10-30,51.75
2013-10-31,41.0
2013-11-01,34.0
2013-11-02,29.5
2013-11-03,36.0
2013-11-04,37.8
2013-11-05,40.0
2013-11-06,32.0
2013-11-07,29.0
2013-11-08,24.5
2013-11-09,28.2
2013-11-10,35.833333333333336
2013-11-11,36.166666666666664
2013-11-12,27.833333333333332
2013-11-13,28.4
2013-11-14,26.6
2013-11-15,20.8
2013-11-16,18.6
2013-11-17,18.8
2013-11-18,24.6
2013-11-19,19.5
2013-11-20,29.4
2013-11-21,30.6
2013-11-22,24.6
2013-11-23,28.4
2013-11-24,22.4
2013-11-25,28.2
2013-11-26,25.2
2013-11-27,25.6
2013-11-28,23.75
2013-11-29,17.4
2013-11-30,26.8
2013-12-01,28.25
2013-12-02,29.4
2013-12-03,37.0
2013-12-04,38.4
2013-12-05,33.0
2013-12-06,34.0
2013-12-07,36.4
2013-12-08,46.2
2013-12-09,53.0
2013-12-10,53.2
2013-12-11,57.4
2013-12-12,61.8
2013-12-13,64.6
2013-12-14,49.4
2013-12-15,34.2
2013-12-16,14.4
2013-12-17,16.0
2013-12-18,27.0
2013-12-19,32.2
2013-12-20,39.0
2013-12-21,38.5
2013-12-22,41.25
2013-12-23,53.75
2013-12-24,52.0
2013-12-25,50.4
2013-12-26,57.6
2013-12-27,63.8
2013-12-28,67.2
2013-12-29,67.0
2013-12-30,67.0
2013-12-31,65.5
2014-01-01,65.33333333333333
2014-01-02,64.33333333333333
2014-01-03,76.6
2014-01-04,65.2
2014-01-05,63.666666666666664
2014-01-06,65.6
2014-01-07,56.8
2014-01-08,56.166666666666664
2014-01-09,53.2
2014-01-10,36.5
2014-01-11,40.0
2014-01-12,34.0
2014-01-13,33.42857142857143
2014-01-14,31.285714285714285
2014-01-15,39.142857142857146
2014-01-16,50.0
2014-01-17,53.42857142857143
2014-01-18,40.714285714285715
2014-01-19,55.0
2014-01-20,56.142857142857146
2014-01-21,57.42857142857143
2014-01-22,70.85714285714286
2014-01-23,77.83333333333333
2014-01-24,88.2
2014-01-25,88.0
2014-01-26,76.33333333333333
2014-01-27,76.5
2014-01-28,65.16666666666667
2014-01-29,51.857142857142854
2014-01-30,43.714285714285715
2014-01-31,43.2
2014-02-01,44.4
2014-02-02,40.666666666666664
2014-02-03,43.8
2014-02-04,43.2
2014-02-05,37.2
2014-02-06,33.4
2014-02-07,38.57142857142857
2014-02-08,28.666666666666668
2014-02-09,35.666666666666664
2014-02-10,41.333333333333336
2014-02-11,44.142857142857146
2014-02-12,35.666666666666664
2014-02-13,36.8
2014-02-14,36.0
2014-02-15,33.57142857142857
2014-02-16,39.833333333333336
2014-02-17,34.57142857142857
2014-02-18,32.333333333333336
2014-02-19,39.333333333333336
2014-02-20,39.5
2014-02-21,44.333333333333336
2014-02-22,53.0
2014-02-23,45.666666666666664
2014-02-24,47.166666666666664
2014-02-25,45.4
2014-02-26,47.6
2014-02-27,45.6
2014-02-28,44.2
2014-03-01,44.4
2014-03-02,44.4
2014-03-03,44.8
2014-03-04,44.25
2014-03-05,55.6
2014-03-06,58.0
2014-03-07,53.8
2014-03-08,48.833333333333336
2014-03-09,51.833333333333336
2014-03-10,49.666666666666664
2014-03-11,45.42857142857143
2014-03-12,46.714285714285715
2014-03-13,50.42857142857143
2014-03-14,55.0
2014-03-15,47.57142857142857
2014-03-16,51.285714285714285
2014-03-17,54.714285714285715
2014-03-18,55.42857142857143
2014-03-19,45.8
2014-03-20,43.0
2014-03-21,66.71428571428571
2014-03-22,52.142857142857146
2014-03-23,37.5
2014-03-24,45.166666666666664
2014-03-25,39.42857142857143
2014-03-26,43.857142857142854
2014-03-27,50.857142857142854
2014-03-28,52.714285714285715
2014-03-29,46.857142857142854
2014-03-30,38.57142857142857
2014-03-31,35.0
2014-04-01,46.42857142857143
2014-04-02,45.857142857142854
2014-04-03,50.0
2014-04-04,40.142857142857146
2014-04-05,31.0
2014-04-06,30.857142857142858
2014-04-07,33.42857142857143
2014-04-08,43.142857142857146
2014-04-09,46.714285714285715
2014-04-10,55.714285714285715
2014-04-11,51.333333333333336
2014-04-12,44.285714285714285
2014-04-13,41.714285714285715
2014-04-14,36.285714285714285
2014-04-15,24.571428571428573
2014-04-16,25.142857142857142
2014-04-17,28.428571428571427
2014-04-18,29.714285714285715
2014-04-19,31.0
2014-04-20,30.857142857142858
2014-04-21,30.571428571428573
2014-04-22,29.714285714285715
2014-04-23,33.142857142857146
2014-04-24,30.142857142857142
2014-04-25,31.857142857142858
2014-04-26,26.714285714285715
2014-04-27,29.0
2014-04-28,27.5
2014-04-29,24.428571428571427
2014-04-30,23.428571428571427
2014-05-01,23.571428571428573
2014-05-02,28.285714285714285
2014-05-03,23.0
2014-05-04,31.285714285714285
2014-05-05,36.0
2014-05-06,33.0
2014-05-07,32.285714285714285
2014-05-08,30.666666666666668
2014-05-09,23.166666666666668
2014-05-10,23.4
2014-05-11,18.8
2014-05-12,17.8
2014-05-13,14.2
2014-05-14,16.0
2014-05-15,17.0
2014-05-16,18.5
2014-05-17,18.857142857142858
2014-05-18,15.714285714285714
2014-05-19,16.6
2014-05-20,16.0
2014-05-21,16.166666666666668
2014-05-22,15.285714285714286
2014-05-23,15.142857142857142
2014-05-24,20.0
2014-05-25,22.857142857142858
2014-05-26,21.0
2014-05-27,18.428571428571427
2014-05-28,21.0
2014-05-29,19.666666666666668
2014-05-30,17.857142857142858
2014-05-31,17.428571428571427
2014-06-01,17.5
2014-06-02,16.142857142857142
2014-06-03,13.714285714285714
2014-06-04,15.428571428571429
2014-06-05,16.142857142857142
2014-06-06,13.0
2014-06-07,15.714285714285714
2014-06-08,16.142857142857142
2014-06-09,15.0
2014-06-10,13.857142857142858
2014-06-11,15.142857142857142
2014-06-12,16.142857142857142
2014-06-13,14.857142857142858
2014-06-14,13.857142857142858
2014-06-15,15.285714285714286
2014-06-16,13.333333333333334
2014-06-17,13.333333333333334
2014-06-18,14.0
2014-06-19,18.833333333333332
2014-06-20,24.571428571428573
2014-06-21,27.142857142857142
2014-06-22,23.0
2014-06-23,21.5
2014-06-24,16.857142857142858
2014-06-25,15.0
2014-06-26,18.142857142857142
2014-06-27,22.285714285714285
2014-06-28,22.0
2014-06-29,20.428571428571427
2014-06-30,18.714285714285715
2014-07-01,17.428571428571427
2014-07-02,18.0
2014-07-03,14.625
2014-07-04,16.0
2014-07-05,15.0
2014-07-06,16.0
2014-07-07,13.125
2014-07-08,15.142857142857142
2014-07-09,12.25
2014-07-10,12.857142857142858
2014-07-11,14.571428571428571
2014-07-12,15.142857142857142
2014-07-13,15.5
2014-07-14,20.857142857142858
2014-07-15,17.0
2014-07-16,14.285714285714286
2014-07-17,14.5
2014-07-18,15.714285714285714
2014-07-19,19.0
2014-07-20,22.571428571428573
2014-07-21,23.0
2014-07-22,20.714285714285715
2014-07-23,15.571428571428571
2014-07-24,18.375
2014-07-25,20.857142857142858
2014-07-26,17.0
2014-07-27,17.428571428571427
2014-07-28,20.571428571428573
2014-07-29,19.125
2014-07-30,20.375
2014-07-31,18.857142857142858
2014-08-01,23.571428571428573
2014-08-02,20.0
2014-08-03,20.0
2014-08-04,19.125
2014-08-05,15.75
2014-08-06,12.875
2014-08-07,15.571428571428571
2014-08-08,13.166666666666666
2014-08-09,14.375
2014-08-10,14.75
2014-08-11,15.0
2014-08-12,13.875
2014-08-13,16.25
2014-08-14,18.875
2014-08-15,17.0
2014-08-16,15.88888888888889
2014-08-17,15.333333333333334
2014-08-18,16.0
2014-08-19,16.125
2014-08-20,15.0
2014-08-21,14.0
2014-08-22,14.333333333333334
2014-08-23,20.875
2014-08-24,16.0
2014-08-25,18.22222222222222
2014-08-26,15.3
2014-08-27,11.88888888888889
2014-08-28,10.555555555555555
2014-08-29,14.666666666666666
2014-08-30,13.0
2014-08-31,13.25
2014-09-01,12.75
2014-09-02,13.1
2014-09-03,11.0
2014-09-04,13.7
2014-09-05,11.6
2014-09-06,13.5
2014-09-07,11.222222222222221
2014-09-08,11.8
2014-09-09,13.11111111111111
2014-09-10,14.333333333333334
2014-09-11,13.333333333333334
2014-09-12,14.0
2014-09-13,13.7
2014-09-14,12.8
2014-09-15,13.777777777777779
2014-09-16,12.777777777777779
2014-09-17,10.625
2014-09-18,13.444444444444445
2014-09-19,18.0
2014-09-20,19.22222222222222
2014-09-21,15.222222222222221
2014-09-22,16.11111111111111
2014-09-23,14.9
2014-09-24,16.77777777777778
2014-09-25,19.444444444444443
2014-09-26,18.0
2014-09-27,19.88888888888889
2014-09-28,20.555555555555557
2014-09-29,17.88888888888889
2014-09-30,20.0
2014-10-01,21.8
2014-10-02,20.4
2014-10-03,22.666666666666668
2014-10-04,21.77777777777778
2014-10-05,17.77777777777778
2014-10-06,17.444444444444443
2014-10-07,24.666666666666668
2014-10-08,26.125
2014-10-09,28.875
2014-10-10,24.666666666666668
2014-10-11,22.625
2014-10-12,34.666666666666664
2014-10-13,44.77777777777778
2014-10-14,42.875
2014-10-15,56.666666666666664
2014-10-16,59.888888888888886
2014-10-17,55.714285714285715
2014-10-18,40.375
2014-10-19,32.5
2014-10-20,24.555555555555557
2014-10-21,28.0
2014-10-22,23.88888888888889
2014-10-23,18.9
2014-10-24,22.6
2014-10-25,21.0
2014-10-26,21.444444444444443
2014-10-27,23.0
2014-10-28,21.88888888888889
2014-10-29,19.8
2014-10-30,27.4
2014-10-31,26.555555555555557
2014-11-01,23.2
2014-11-02,21.7
2014-11-03,20.5
2014-11-04,23.5
2014-11-05,20.8
2014-11-06,23.2
2014-11-07,25.3
2014-11-08,23.7
2014-11-09,23.2
2014-11-10,23.9
2014-11-11,28.22222222222222
2014-11-12,29.9
2014-11-13,28.25
2014-11-14,23.88888888888889
2014-11-15,28.666666666666668
2014-11-16,29.9
2014-11-17,26.0
2014-11-18,29.4
2014-11-19,33.0
2014-11-20,39.1
2014-11-21,44.9
2014-11-22,47.55555555555556
2014-11-23,44.875
2014-11-24,44.833333333333336
2014-11-25,44.888888888888886
2014-11-26,45.22222222222222
2014-11-27,34.333333333333336
2014-11-28,41.44444444444444
2014-11-29,44.55555555555556
2014-11-30,39.6
2014-12-01,32.5
2014-12-02,30.6
2014-12-03,32.6
2014-12-04,39.3
2014-12-05,28.11111111111111
2014-12-06,29.7
2014-12-07,35.0
2014-12-08,31.0
2014-12-09,32.2
2014-12-10,35.7
2014-12-11,36.7
2014-12-12,37.9
2014-12-13,34.3
2014-12-14,38.1
2014-12-15,49.44444444444444
2014-12-16,42.9
2014-12-17,36.4
2014-12-18,44.7
2014-12-19,47.5
2014-12-20,48.4
2014-12-21,46.9
2014-12-22,48.5
2014-12-23,60.8
2014-12-24,61.4
2014-12-25,52.0
2014-12-26,50.8
2014-12-27,51.0
2014-12-28,29.1
2014-12-29,28.2
2014-12-30,46.9
2014-12-31,46.44444444444444
2015-01-01,37.0
2015-01-02,43.111111111111114
2015-01-03,50.625
2015-01-04,57.42857142857143
2015-01-05,59.285714285714285
2015-01-06,51.714285714285715
2015-01-07,41.888888888888886
2015-01-08,32.75
2015-01-09,26.22222222222222
2015-01-10,30.22222222222222
2015-01-11,29.6
2015-01-12,26.2
2015-01-13,28.6
2015-01-14,41.7
2015-01-15,52.5
2015-01-16,58.1
2015-01-17,52.8
2015-01-18,57.6
2015-01-19,51.666666666666664
2015-01-20,59.0
2015-01-21,71.3
2015-01-22,74.8
2015-01-23,69.3
2015-01-24,63.77777777777778
2015-01-25,65.375
2015-01-26,62.0
2015-01-27,72.0
2015-01-28,67.1
2015-01-29,62.5
2015-01-30,56.5
2015-01-31,54.77777777777778
2015-02-01,52.111111111111114
2015-02-02,48.333333333333336
2015-02-03,49.6
2015-02-04,54.3
2015-02-05,51.1
2015-02-06,54.1
2015-02-07,64.1
2015-02-08,69.5
2015-02-09,60.77777777777778
2015-02-10,64.22222222222223
2015-02-11,76.7
2015-02-12,57.44444444444444
2015-02-13,47.5
2015-02-14,41.3
2015-02-15,45.5
2015-02-16,49.4
2015-02-17,43.1
2015-02-18,40.5
2015-02-19,36.0
2015-02-20,28.666666666666668
2015-02-21,28.0
2015-02-22,29.11111111111111
2015-02-23,30.444444444444443
2015-02-24,39.22222222222222
2015-02-25,43.44444444444444
2015-02-26,35.888888888888886
2015-02-27,40.5
2015-02-28,41.4
2015-03-01,57.5
2015-03-02,42.55555555555556
2015-03-03,31.666666666666668
2015-03-04,38.0
2015-03-05,40.6
2015-03-06,43.5
2015-03-07,36.4
2015-03-08,37.0
2015-03-09,51.44444444444444
2015-03-10,61.666666666666664
2015-03-11,51.44444444444444
2015-03-12,51.625
2015-03-13,50.625
2015-03-14,42.5
2015-03-15,56.875
2015-03-16,74.25
2015-03-17,74.0
2015-03-18,61.375
2015-03-19,55.44444444444444
2015-03-20,61.0
2015-03-21,57.3
2015-03-22,42.5
2015-03-23,41.3
2015-03-24,38.8
2015-03-25,43.111111111111114
2015-03-26,37.7
2015-03-27,36.9
2015-03-28,40.7
2015-03-29,31.2
2015-03-30,29.6
2015-03-31,28.0
2015-04-01,32.5
2015-04-02,40.8
2015-04-03,44.8
2015-04-04,50.2
2015-04-05,50.0
2015-04-06,42.1
2015-04-07,44.4
2015-04-08,41.333333333333336
2015-04-09,42.888888888888886
2015-04-10,28.363636363636363
2015-04-11,29.25
2015-04-12,28.916666666666668
2015-04-13,37.2
2015-04-14,49.1
2015-04-15,58.6
2015-04-16,52.27272727272727
2015-04-17,39.27272727272727
2015-04-18,31.636363636363637
2015-04-19,31.3
2015-04-20,32.666666666666664
2015-04-21,38.4
2015-04-22,35.63636363636363
2015-04-23,28.727272727272727
2015-04-24,32.63636363636363
2015-04-25,30.727272727272727
2015-04-26,32.72727272727273
2015-04-27,26.454545454545453
2015-04-28,24.1
2015-04-29,22.2
2015-04-30,23.7
2015-05-01,21.0
2015-05-02,20.727272727272727
2015-05-03,22.363636363636363
2015-05-04,21.0
2015-05-05,19.9
2015-05-06,20.5
2015-05-07,21.5
2015-05-08,26.375
2015-05-09,21.4
2015-05-10,23.3
2015-05-11,24.3
2015-05-12,23.9
2015-05-13,21.0
2015-05-14,17.454545454545453
2015-05-15,18.2
2015-05-16,17.555555555555557
2015-05-17,15.375
2015-05-18,14.5
2015-05-19,16.375
2015-05-20,13.2
2015-05-21,12.454545454545455
2015-05-22,12.7
2015-05-23,14.545454545454545
2015-05-24,16.09090909090909
2015-05-25,16.90909090909091
2015-05-26,18.272727272727273
2015-05-27,18.545454545454547
2015-05-28,17.6
2015-05-29,16.818181818181817
2015-05-30,17.636363636363637
2015-05-31,16.181818181818183
2015-06-01,14.5
2015-06-02,15.818181818181818
2015-06-03,19.636363636363637
2015-06-04,16.2
2015-06-05,15.75
2015-06-06,15.3
2015-06-07,13.7
2015-06-08,13.125
2015-06-09,13.5
2015-06-10,17.2
2015-06-11,16.0
2015-06-12,17.454545454545453
2015-06-13,19.0
2015-06-14,17.6
2015-06-15,17.454545454545453
2015-06-16,17.454545454545453
2015-06-17,15.818181818181818
2015-06-18,15.636363636363637
2015-06-19,17.636363636363637
2015-06-20,16.181818181818183
2015-06-21,14.818181818181818
2015-06-22,18.09090909090909
2015-06-23,20.0
2015-06-24,18.09090909090909
2015-06-25,15.545454545454545
2015-06-26,16.181818181818183
2015-06-27,15.181818181818182
2015-06-28,16.636363636363637
2015-06-29,13.3
2015-06-30,17.363636363636363
2015-07-01,19.3
2015-07-02,20.09090909090909
2015-07-03,18.545454545454547
2015-07-04,21.545454545454547
2015-07-05,16.0
2015-07-06,20.4
2015-07-07,24.636363636363637
2015-07-08,27.181818181818183
2015-07-09,27.545454545454547
2015-07-10,28.09090909090909
2015-07-11,24.09090909090909
2015-07-12,17.0
2015-07-13,19.7
2015-07-14,19.0
2015-07-15,16.555555555555557
2015-07-16,15.25
2015-07-17,15.3
2015-07-18,15.090909090909092
2015-07-19,14.545454545454545
2015-07-20,15.818181818181818
2015-07-21,13.454545454545455
2015-07-22,15.454545454545455
2015-07-23,14.909090909090908
2015-07-24,17.454545454545453
2015-07-25,18.545454545454547
2015-07-26,18.545454545454547
2015-07-27,19.272727272727273
2015-07-28,15.6
2015-07-29,15.5
2015-07-30,16.5
2015-07-31,15.1
2015-08-01,13.5
2015-08-02,13.3
2015-08-03,15.0
2015-08-04,14.454545454545455
2015-08-05,12.363636363636363
2015-08-06,13.181818181818182
2015-08-07,14.545454545454545
2015-08-08,14.636363636363637
2015-08-09,13.636363636363637
2015-08-10,15.909090909090908
2015-08-11,15.090909090909092
2015-08-12,16.181818181818183
2015-08-13,15.7
2015-08-14,13.333333333333334
2015-08-15,13.1
2015-08-16,14.5
2015-08-17,12.88888888888889
2015-08-18,14.545454545454545
2015-08-19,13.545454545454545
2015-08-20,13.454545454545455
2015-08-21,11.0
2015-08-22,10.181818181818182
2015-08-23,11.363636363636363
2015-08-24,11.545454545454545
2015-08-25,12.0
2015-08-26,12.1
2015-08-27,11.6
2015-08-28,15.363636363636363
2015-08-29,15.3
2015-08-30,15.11111111111111
2015-08-31,13.9
2015-09-01,13.5
2015-09-02,13.3
2015-09-03,15.727272727272727
2015-09-04,16.181818181818183
2015-09-05,13.545454545454545
2015-09-06,11.636363636363637
2015-09-07,11.454545454545455
2015-09-08,11.454545454545455
2015-09-09,12.909090909090908
2015-09-10,17.545454545454547
2015-09-11,15.363636363636363
2015-09-12,13.3
2015-09-13,15.181818181818182
2015-09-14,15.727272727272727
2015-09-15,15.5
2015-09-16,14.555555555555555
2015-09-17,14.333333333333334
2015-09-18,13.444444444444445
2015-09-19,22.1
2015-09-20,41.0
2015-09-21,38.7
2015-09-22,24.3
2015-09-23,16.666666666666668
2015-09-24,13.9
2015-09-25,13.5
2015-09-26,14.7
2015-09-27,16.2
2015-09-28,16.2
2015-09-29,18.2
2015-09-30,22.5
2015-10-01,18.333333333333332
2015-10-02,22.09090909090909
2015-10-03,18.666666666666668
2015-10-04,16.22222222222222
2015-10-05,16.0
2015-10-06,19.3
2015-10-07,19.545454545454547
2015-10-08,19.0
2015-10-09,22.272727272727273
2015-10-10,18.8
2015-10-11,17.5
2015-10-12,17.7
2015-10-13,19.90909090909091
2015-10-14,23.09090909090909
2015-10-15,25.363636363636363
2015-10-16,31.90909090909091
2015-10-17,38.36363636363637
2015-10-18,35.55555555555556
2015-10-19,41.125
2015-10-20,34.0
2015-10-21,26.4
2015-10-22,35.90909090909091
2015-10-23,44.63636363636363
2015-10-24,42.81818181818182
2015-10-25,38.0
2015-10-26,39.54545454545455
2015-10-27,33.81818181818182
2015-10-28,30.818181818181817
2015-10-29,33.0
2015-10-30,32.27272727272727
2015-10-31,26.90909090909091
2015-11-01,23.272727272727273
2015-11-02,21.0
2015-11-03,24.363636363636363
2015-11-04,27.545454545454547
2015-11-05,30.545454545454547
2015-11-06,33.27272727272727
2015-11-07,21.636363636363637
2015-11-08,22.727272727272727
2015-11-09,23.454545454545453
2015-11-10,25.363636363636363
2015-11-11,25.2
2015-11-12,29.0
2015-11-13,29.818181818181817
2015-11-14,28.727272727272727
2015-11-15,27.545454545454547
2015-11-16,26.6
2015-11-17,25.727272727272727
2015-11-18,27.727272727272727
2015-11-19,31.2
2015-11-20,28.22222222222222
2015-11-21,27.8
2015-11-22,24.0
2015-11-23,25.0
2015-11-24,28.1
2015-11-25,26.90909090909091
2015-11-26,26.1
2015-11-27,25.0
2015-11-28,27.2
2015-11-29,28.6
2015-11-30,32.1
2015-12-01,32.6
2015-12-02,25.8
2015-12-03,23.1
2015-12-04,26.9
2015-12-05,27.6
2015-12-06,25.7
2015-12-07,24.333333333333332
2015-12-08,28.0
2015-12-09,35.1
2015-12-10,46.3
2015-12-11,43.888888888888886
2015-12-12,37.0
2015-12-13,29.77777777777778
2015-12-14,41.666666666666664
2015-12-15,62.1
2015-12-16,45.3
2015-12-17,27.4
2015-12-18,29.2
2015-12-19,34.5
2015-12-20,40.1
2015-12-21,41.8
2015-12-22,42.6
2015-12-23,45.1
2015-12-24,39.7
2015-12-25,31.9
2015-12-26,32.6
2015-12-27,36.3
2015-12-28,38.5
2015-12-29,34.7
2015-12-30,37.6
2015-12-31,29.555555555555557
2016-01-01,22.11111111111111
2016-01-02,26.1
2016-01-03,37.4
2016-01-04,51.6
2016-01-05,46.0
2016-01-06,45.18181818181818
2016-01-07,47.36363636363637
2016-01-08,41.27272727272727
2016-01-09,29.727272727272727
2016-01-10,24.4
2016-01-11,30.454545454545453
2016-01-12,34.8
2016-01-13,30.5
2016-01-14,30.5
2016-01-15,21.1
2016-01-16,21.545454545454547
2016-01-17,22.833333333333332
2016-01-18,28.583333333333332
2016-01-19,26.916666666666668
2016-01-20,26.583333333333332
2016-01-21,28.75
2016-01-22,26.5
2016-01-23,27.363636363636363
2016-01-24,25.6
2016-01-25,21.0
2016-01-26,33.0
2016-01-27,33.666666666666664
2016-01-28,47.45454545454545
2016-01-29,54.6
2016-01-30,42.72727272727273
2016-01-31,25.666666666666668
2016-02-01,29.083333333333332
2016-02-02,38.083333333333336
2016-02-03,38.166666666666664
2016-02-04,49.833333333333336
2016-02-05,50.333333333333336
2016-02-06,35.916666666666664
2016-02-07,42.25
2016-02-08,56.333333333333336
2016-02-09,69.0
2016-02-10,83.0
2016-02-11,74.58333333333333
2016-02-12,62.166666666666664
2016-02-13,51.833333333333336
2016-02-14,45.54545454545455
2016-02-15,41.6
2016-02-16,40.54545454545455
2016-02-17,45.72727272727273
2016-02-18,54.0
2016-02-19,51.63636363636363
2016-02-20,44.333333333333336
2016-02-21,42.416666666666664
2016-02-22,44.36363636363637
2016-02-23,43.333333333333336
2016-02-24,40.583333333333336
2016-02-25,33.45454545454545
2016-02-26,33.90909090909091
2016-02-27,34.7
2016-02-28,42.4
2016-02-29,48.5
2016-03-01,47.3
2016-03-02,62.45454545454545
2016-03-03,69.83333333333333
2016-03-04,53.0
2016-03-05,43.9
2016-03-06,45.4
2016-03-07,46.3
2016-03-08,39.8
2016-03-09,43.44444444444444
2016-03-10,48.4
2016-03-11,44.45454545454545
2016-03-12,41.09090909090909
2016-03-13,37.8
2016-03-14,38.81818181818182
2016-03-15,41.54545454545455
2016-03-16,42.5
2016-03-17,45.3
2016-03-18,47.90909090909091
2016-03-19,47.583333333333336
2016-03-20,52.083333333333336
2016-03-21,48.09090909090909
2016-03-22,49.18181818181818
2016-03-23,58.1
2016-03-24,66.3
2016-03-25,53.1
2016-03-26,43.75
2016-03-27,41.75
2016-03-28,50.833333333333336
2016-03-29,50.583333333333336
2016-03-30,51.083333333333336
2016-03-31,57.63636363636363
2016-04-01,45.90909090909091
2016-04-02,38.666666666666664
2016-04-03,40.63636363636363
2016-04-04,41.72727272727273
2016-04-05,42.9
2016-04-06,44.90909090909091
2016-04-07,53.6
2016-04-08,52.72727272727273
2016-04-09,34.36363636363637
2016-04-10,36.36363636363637
2016-04-11,44.4
2016-04-12,52.333333333333336
2016-04-13,53.666666666666664
2016-04-14,52.25
2016-04-15,53.90909090909091
2016-04-16,58.27272727272727
2016-04-17,51.0
2016-04-18,50.5
2016-04-19,39.4
2016-04-20,32.25
2016-04-21,37.75
2016-04-22,38.75
2016-04-23,35.0
2016-04-24,34.63636363636363
2016-04-25,36.63636363636363
2016-04-26,38.916666666666664
2016-04-27,49.0
2016-04-28,54.2
2016-04-29,39.666666666666664
2016-04-30,25.2
2016-05-01,23.9
2016-05-02,22.083333333333332
2016-05-03,26.5
2016-05-04,27.0
2016-05-05,25.09090909090909
2016-05-06,27.0
2016-05-07,29.333333333333332
2016-05-08,29.90909090909091
2016-05-09,29.636363636363637
2016-05-10,28.583333333333332
2016-05-11,36.27272727272727
2016-05-12,34.45454545454545
2016-05-13,29.666666666666668
2016-05-14,23.25
2016-05-15,20.0
2016-05-16,27.09090909090909
2016-05-17,27.2
2016-05-18,19.9
2016-05-19,19.4
2016-05-20,15.4
2016-05-21,10.555555555555555
2016-05-22,10.4
2016-05-23,13.5
2016-05-24,16.7
2016-05-25,14.777777777777779
2016-05-26,15.4
2016-05-27,17.818181818181817
2016-05-28,18.363636363636363
2016-05-29,16.818181818181817
2016-05-30,17.454545454545453
2016-05-31,16.09090909090909
2016-06-01,11.3
2016-06-02,11.9
2016-06-03,11.625
2016-06-04,12.666666666666666
2016-06-05,13.4
2016-06-06,12.2
2016-06-07,11.9
2016-06-08,11.8
2016-06-09,11.166666666666666
2016-06-10,10.545454545454545
2016-06-11,11.083333333333334
2016-06-12,10.416666666666666
2016-06-13,10.0
2016-06-14,9.0
2016-06-15,8.454545454545455
2016-06-16,8.583333333333334
2016-06-17,10.666666666666666
2016-06-18,13.6
2016-06-19,13.181818181818182
2016-06-20,14.454545454545455
2016-06-21,12.833333333333334
2016-06-22,11.416666666666666
2016-06-23,13.615384615384615
2016-06-24,10.846153846153847
2016-06-25,10.214285714285714
2016-06-26,11.285714285714286
2016-06-27,12.23076923076923
2016-06-28,12.642857142857142
2016-06-29,12.23076923076923
2016-06-30,13.181818181818182
2016-07-01,12.076923076923077
2016-07-02,16.916666666666668
2016-07-03,17.76923076923077
2016-07-04,20.384615384615383
2016-07-05,21.833333333333332
2016-07-06,15.818181818181818
2016-07-07,11.0
2016-07-08,10.272727272727273
2016-07-09,11.416666666666666
2016-07-10,10.916666666666666
2016-07-11,14.642857142857142
2016-07-12,16.666666666666668
2016-07-13,17.3125
2016-07-14,15.75
2016-07-15,16.9375
2016-07-16,17.2
2016-07-17,15.466666666666667
2016-07-18,13.133333333333333
2016-07-19,11.214285714285714
2016-07-20,11.0
2016-07-21,11.214285714285714
2016-07-22,12.642857142857142
2016-07-23,11.538461538461538
2016-07-24,14.923076923076923
2016-07-25,17.333333333333332
2016-07-26,14.0
2016-07-27,13.285714285714286
2016-07-28,13.857142857142858
2016-07-29,13.866666666666667
2016-07-30,12.333333333333334
2016-07-31,14.071428571428571
2016-08-01,12.2
2016-08-02,14.307692307692308
2016-08-03,13.5
2016-08-04,12.714285714285714
2016-08-05,16.642857142857142
2016-08-06,14.785714285714286
2016-08-07,13.357142857142858
2016-08-08,11.4
2016-08-09,14.3125
2016-08-10,18.0
2016-08-11,17.625
2016-08-12,14.875
2016-08-13,14.933333333333334
2016-08-14,15.266666666666667
2016-08-15,16.066666666666666
2016-08-16,15.117647058823529
2016-08-17,18.470588235294116
2016-08-18,19.75
2016-08-19,21.0
2016-08-20,20.125
2016-08-21,21.470588235294116
2016-08-22,18.0
2016-08-23,19.2
2016-08-24,20.3125
2016-08-25,18.4
2016-08-26,15.8125
2016-08-27,14.285714285714286
2016-08-28,14.285714285714286
2016-08-29,13.25
2016-08-30,11.285714285714286
2016-08-31,11.714285714285714
2016-09-01,13.692307692307692
2016-09-02,12.5
2016-09-03,11.785714285714286
2016-09-04,10.933333333333334
2016-09-05,13.714285714285714
2016-09-06,13.142857142857142
2016-09-07,11.923076923076923
2016-09-08,14.357142857142858
2016-09-09,17.285714285714285
2016-09-10,15.933333333333334
2016-09-11,14.733333333333333
2016-09-12,13.933333333333334
2016-09-13,14.666666666666666
2016-09-14,12.214285714285714
2016-09-15,14.214285714285714
2016-09-16,12.6
2016-09-17,11.8
2016-09-18,11.4375
2016-09-19,14.733333333333333
2016-09-20,18.076923076923077
2016-09-21,19.6
2016-09-22,25.0
2016-09-23,24.0
2016-09-24,20.0
2016-09-25,13.833333333333334
2016-09-26,14.727272727272727
2016-09-27,12.357142857142858
2016-09-28,13.0
2016-09-29,12.266666666666667
2016-09-30,13.714285714285714
2016-10-01,13.866666666666667
2016-10-02,17.0
2016-10-03,13.928571428571429
2016-10-04,17.0
2016-10-05,18.666666666666668
2016-10-06,17.266666666666666
2016-10-07,15.375
2016-10-08,15.0
2016-10-09,17.428571428571427
2016-10-10,17.923076923076923
2016-10-11,22.714285714285715
2016-10-12,25.642857142857142
2016-10-13,32.13333333333333
2016-10-14,27.6
2016-10-15,24.357142857142858
2016-10-16,19.153846153846153
2016-10-17,20.285714285714285
2016-10-18,31.857142857142858
2016-10-19,26.785714285714285
2016-10-20,17.571428571428573
2016-10-21,16.571428571428573
2016-10-22,15.4
2016-10-23,15.666666666666666
2016-10-24,21.0
2016-10-25,22.866666666666667
2016-10-26,20.642857142857142
2016-10-27,16.0625
2016-10-28,19.1875
2016-10-29,16.1875
2016-10-30,14.25
2016-10-31,13.1875
2016-11-01,15.333333333333334
2016-11-02,14.533333333333333
2016-11-03,17.25
2016-11-04,22.625
2016-11-05,30.0
2016-11-06,37.0
2016-11-07,36.0625
2016-11-08,20.75
2016-11-09,18.75
2016-11-10,19.0
2016-11-11,15.333333333333334
2016-11-12,18.066666666666666
2016-11-13,16.8125
2016-11-14,22.875
2016-11-15,22.529411764705884
2016-11-16,19.75
2016-11-17,21.75
2016-11-18,21.125
2016-11-19,23.866666666666667
2016-11-20,22.666666666666668
2016-11-21,27.2
2016-11-22,27.333333333333332
2016-11-23,29.5
2016-11-24,20.875
2016-11-25,22.6875
2016-11-26,21.470588235294116
2016-11-27,16.944444444444443
2016-11-28,19.11111111111111
2016-11-29,24.72222222222222
2016-11-30,28.61111111111111
2016-12-01,24.5
2016-12-02,24.625
2016-12-03,26.666666666666668
2016-12-04,23.058823529411764
2016-12-05,24.125
2016-12-06,26.6875
2016-12-07,37.3125
2016-12-08,40.64705882352941
2016-12-09,39.294117647058826
2016-12-10,40.35294117647059
2016-12-11,46.35294117647059
2016-12-12,46.294117647058826
2016-12-13,46.05882352941177
2016-12-14,37.705882352941174
2016-12-15,22.823529411764707
2016-12-16,18.58823529411765
2016-12-17,23.1875
2016-12-18,30.375
2016-12-19,34.75
2016-12-20,37.5625
2016-12-21,40.375
2016-12-22,33.357142857142854
2016-12-23,26.333333333333332
2016-12-24,30.5625
2016-12-25,37.88235294117647
2016-12-26,40.23529411764706
2016-12-27,28.166666666666668
2016-12-28,25.055555555555557
2016-12-29,34.833333333333336
2016-12-30,34.888888888888886
2016-12-31,32.666666666666664
2017-01-01,22.625
2017-01-02,20.133333333333333
2017-01-03,21.1875
2017-01-04,25.352941176470587
2017-01-05,30.533333333333335
2017-01-06,26.1875
2017-01-07,34.25
2017-01-08,32.1875
2017-01-09,30.666666666666668
2017-01-10,31.0
2017-01-11,22.4
2017-01-12,19.352941176470587
2017-01-13,23.22222222222222
2017-01-14,32.529411764705884
2017-01-15,38.1875
2017-01-16,31.0
2017-01-17,30.61111111111111
2017-01-18,32.05882352941177
2017-01-19,35.94117647058823
2017-01-20,32.529411764705884
2017-01-21,29.41176470588235
2017-01-22,24.058823529411764
2017-01-23,26.833333333333332
2017-01-24,31.72222222222222
2017-01-25,37.166666666666664
2017-01-26,27.58823529411765
2017-01-27,29.352941176470587
2017-01-28,33.1764705882353
2017-01-29,45.5625
2017-01-30,46.411764705882355
2017-01-31,44.05882352941177
2017-02-01,43.88235294117647
2017-02-02,39.1764705882353
2017-02-03,24.764705882352942
2017-02-04,34.5
2017-02-05,41.8235294117647
2017-02-06,49.8235294117647
2017-02-07,44.529411764705884
2017-02-08,41.411764705882355
2017-02-09,42.666666666666664
2017-02-10,47.05882352941177
2017-02-11,46.333333333333336
2017-02-12,40.5
2017-02-13,48.588235294117645
2017-02-14,56.375
2017-02-15,49.611111111111114
2017-02-16,46.72222222222222
2017-02-17,47.4
2017-02-18,52.86666666666667
2017-02-19,59.0
2017-02-20,53.3125
2017-02-21,41.9375
2017-02-22,35.4375
2017-02-23,27.2
2017-02-24,23.88235294117647
2017-02-25,23.705882352941178
2017-02-26,26.125
2017-02-27,35.35294117647059
2017-02-28,49.666666666666664
2017-03-01,49.72222222222222
2017-03-02,53.44444444444444
2017-03-03,61.388888888888886
2017-03-04,51.611111111111114
2017-03-05,45.470588235294116
2017-03-06,41.88235294117647
2017-03-07,40.0
2017-03-08,38.833333333333336
2017-03-09,30.352941176470587
2017-03-10,26.166666666666668
2017-03-11,28.944444444444443
2017-03-12,27.61111111111111
2017-03-13,31.88888888888889
2017-03-14,37.5
2017-03-15,35.666666666666664
2017-03-16,37.705882352941174
2017-03-17,33.411764705882355
2017-03-18,25.75
2017-03-19,23.875
2017-03-20,32.294117647058826
2017-03-21,35.3125
2017-03-22,37.35294117647059
2017-03-23,41.0
2017-03-24,36.11764705882353
2017-03-25,33.5
2017-03-26,31.529411764705884
2017-03-27,26.058823529411764
2017-03-28,31.8125
2017-03-29,32.388888888888886
2017-03-30,27.333333333333332
2017-03-31,23.6875
2017-04-01,24.235294117647058
2017-04-02,23.5
2017-04-03,30.764705882352942
2017-04-04,35.94117647058823
2017-04-05,40.0625
2017-04-06,33.875
2017-04-07,31.0625
2017-04-08,28.0
2017-04-09,27.428571428571427
2017-04-10,23.428571428571427
2017-04-11,22.58823529411765
2017-04-12,24.875
2017-04-13,18.625
2017-04-14,15.1875
2017-04-15,15.25
2017-04-16,15.117647058823529
2017-04-17,19.125
2017-04-18,17.8
2017-04-19,16.357142857142858
2017-04-20,21.125
2017-04-21,30.941176470588236
2017-04-22,43.833333333333336
2017-04-23,44.611111111111114
2017-04-24,38.94117647058823
2017-04-25,35.588235294117645
2017-04-26,36.705882352941174
2017-04-27,38.470588235294116
2017-04-28,34.125
2017-04-29,24.941176470588236
2017-04-30,23.8125
2017-05-01,20.58823529411765
2017-05-02,23.58823529411765
2017-05-03,26.058823529411764
2017-05-04,26.352941176470587
2017-05-05,21.5
2017-05-06,26.25
2017-05-07,18.8
2017-05-08,21.375
2017-05-09,20.357142857142858
2017-05-10,21.625
2017-05-11,18.4
2017-05-12,18.133333333333333
2017-05-13,17.6
2017-05-14,13.133333333333333
2017-05-15,13.0
2017-05-16,13.6
2017-05-17,11.5
2017-05-18,14.285714285714286
2017-05-19,19.733333333333334
2017-05-20,23.733333333333334
2017-05-21,22.375
2017-05-22,24.0
2017-05-23,22.533333333333335
2017-05-24,19.5
2017-05-25,17.647058823529413
2017-05-26,16.764705882352942
2017-05-27,17.625
2017-05-28,15.588235294117647
2017-05-29,16.38888888888889
2017-05-30,17.22222222222222
2017-05-31,17.11111111111111
2017-06-01,16.235294117647058
2017-06-02,15.235294117647058
2017-06-03,11.375
2017-06-04,9.285714285714286
2017-06-05,12.384615384615385
2017-06-06,12.333333333333334
2017-06-07,11.454545454545455
2017-06-08,10.91304347826087
2017-06-09,13.238095238095237
2017-06-10,16.8
2017-06-11,18.526315789473685
2017-06-12,19.35
2017-06-13,17.941176470588236
2017-06-14,15.166666666666666
2017-06-15,21.782608695652176
2017-06-16,21.458333333333332
2017-06-17,17.863636363636363
2017-06-18,12.8
2017-06-19,13.0
2017-06-20,14.636363636363637
2017-06-21,12.80952380952381
2017-06-22,11.904761904761905
2017-06-23,10.318181818181818
2017-06-24,9.681818181818182
2017-06-25,9.55
2017-06-26,11.708333333333334
2017-06-27,12.136363636363637
2017-06-28,11.285714285714286
2017-06-29,12.73913043478261
2017-06-30,13.181818181818182
2017-07-01,12.772727272727273
2017-07-02,13.26086956521739
2017-07-03,12.565217391304348
2017-07-04,13.08695652173913
2017-07-05,13.26086956521739
2017-07-06,12.590909090909092
2017-07-07,10.1
2017-07-08,11.869565217391305
2017-07-09,11.909090909090908
2017-07-10,13.1
2017-07-11,14.043478260869565
2017-07-12,12.0
2017-07-13,11.681818181818182
2017-07-14,11.523809523809524
2017-07-15,14.619047619047619
2017-07-16,13.761904761904763
2017-07-17,14.909090909090908
2017-07-18,16.227272727272727
2017-07-19,15.772727272727273
2017-07-20,15.714285714285714
2017-07-21,16.523809523809526
2017-07-22,15.857142857142858
2017-07-23,16.40909090909091
2017-07-24,15.545454545454545
2017-07-25,14.565217391304348
2017-07-26,13.904761904761905
2017-07-27,15.727272727272727
2017-07-28,13.045454545454545
2017-07-29,14.727272727272727
2017-07-30,18.047619047619047
2017-07-31,18.272727272727273
2017-08-01,19.40909090909091
2017-08-02,16.047619047619047
2017-08-03,15.863636363636363
2017-08-04,15.136363636363637
2017-08-05,13.619047619047619
2017-08-06,13.772727272727273
2017-08-07,13.9
2017-08-08,12.80952380952381
2017-08-09,12.954545454545455
2017-08-10,12.863636363636363
2017-08-11,12.26086956521739
2017-08-12,11.0
2017-08-13,10.956521739130435
2017-08-14,13.181818181818182
2017-08-15,11.476190476190476
2017-08-16,11.318181818181818
2017-08-17,11.130434782608695
2017-08-18,13.826086956521738
2017-08-19,14.904761904761905
2017-08-20,11.476190476190476
2017-08-21,12.666666666666666
2017-08-22,14.363636363636363
2017-08-23,13.181818181818182
2017-08-24,14.5
2017-08-25,13.272727272727273
2017-08-26,13.208333333333334
2017-08-27,10.91304347826087
2017-08-28,11.565217391304348
2017-08-29,15.0
2017-08-30,15.0
2017-08-31,13.25
2017-09-01,13.045454545454545
2017-09-02,13.291666666666666
2017-09-03,11.583333333333334
2017-09-04,10.375
2017-09-05,11.26086956521739
2017-09-06,11.521739130434783
2017-09-07,12.608695652173912
2017-09-08,14.956521739130435
2017-09-09,15.478260869565217
2017-09-10,15.909090909090908
2017-09-11,19.545454545454547
2017-09-12,17.73913043478261
2017-09-13,19.652173913043477
2017-09-14,17.434782608695652
2017-09-15,14.173913043478262
2017-09-16,11.347826086956522
2017-09-17,9.73913043478261
2017-09-18,12.0
2017-09-19,13.695652173913043
2017-09-20,17.26086956521739
2017-09-21,20.347826086956523
2017-09-22,15.904761904761905
2017-09-23,16.08695652173913
2017-09-24,14.826086956521738
2017-09-25,11.434782608695652
2017-09-26,10.333333333333334
2017-09-27,12.625
2017-09-28,13.173913043478262
2017-09-29,15.142857142857142
2017-09-30,18.85
2017-10-01,20.571428571428573
2017-10-02,17.0
2017-10-03,16.0
2017-10-04,12.714285714285714
2017-10-05,12.863636363636363
2017-10-06,18.05263157894737
2017-10-07,18.333333333333332
2017-10-08,19.714285714285715
2017-10-09,17.428571428571427
2017-10-10,20.2
2017-10-11,14.761904761904763
2017-10-12,21.45
2017-10-13,26.7
2017-10-14,15.952380952380953
2017-10-15,14.047619047619047
2017-10-16,12.0
2017-10-17,14.227272727272727
2017-10-18,16.434782608695652
2017-10-19,17.347826086956523
2017-10-20,16.73913043478261
2017-10-21,22.08695652173913
2017-10-22,16.26086956521739
2017-10-23,15.142857142857142
2017-10-24,16.681818181818183
2017-10-25,20.95
2017-10-26,24.727272727272727
2017-10-27,27.0
2017-10-28,32.142857142857146
2017-10-29,36.82608695652174
2017-10-30,37.59090909090909
2017-10-31,35.91304347826087
2017-11-01,35.708333333333336
2017-11-02,33.57142857142857
2017-11-03,33.5
2017-11-04,38.4
2017-11-05,26.38095238095238
2017-11-06,31.857142857142858
2017-11-07,27.55
2017-11-08,24.85
2017-11-09,20.3
2017-11-10,18.3
2017-11-11,16.789473684210527
2017-11-12,19.77777777777778
2017-11-13,22.42105263157895
2017-11-14,25.0
2017-11-15,25.555555555555557
2017-11-16,19.3
2017-11-17,25.136363636363637
2017-11-18,30.869565217391305
2017-11-19,26.08695652173913
2017-11-20,17.5
2017-11-21,13.944444444444445
2017-11-22,18.63157894736842
2017-11-23,15.636363636363637
2017-11-24,16.142857142857142
2017-11-25,21.05
2017-11-26,21.31578947368421
2017-11-27,22.0
2017-11-28,25.473684210526315
2017-11-29,22.285714285714285
2017-11-30,20.952380952380953
2017-12-01,23.6
2017-12-02,21.65
2017-12-03,20.5
2017-12-04,20.473684210526315
2017-12-05,19.38888888888889
2017-12-06,26.42105263157895
2017-12-07,30.0
2017-12-08,30.17391304347826
2017-12-09,26.136363636363637
2017-12-10,38.09090909090909
2017-12-11,46.27272727272727
2017-12-12,34.34782608695652
2017-12-13,27.5
2017-12-14,27.25
2017-12-15,34.04
2017-12-16,29.48
2017-12-17,18.84
2017-12-18,28.88
2017-12-19,35.416666666666664
2017-12-20,40.64
2017-12-21,42.56
2017-12-22,45.84
2017-12-23,53.21739130434783
2017-12-24,40.4
2017-12-25,28.72
2017-12-26,45.25
2017-12-27,30.391304347826086
2017-12-28,19.208333333333332
2017-12-29,17.64
2017-12-30,18.24
2017-12-31,17.5
2018-01-01,20.875
2018-01-02,25.416666666666668
2018-01-03,30.4
2018-01-04,35.36
2018-01-05,40.08
2018-01-06,39.75
2018-01-07,21.82608695652174
2018-01-08,20.130434782608695
2018-01-09,21.333333333333332
2018-01-10,18.391304347826086
2018-01-11,26.04
2018-01-12,28.217391304347824
2018-01-13,33.4
2018-01-14,36.68
2018-01-15,40.72
2018-01-16,48.24
2018-01-17,60.56
2018-01-18,49.52
2018-01-19,46.12
2018-01-20,41.36
2018-01-21,52.52
2018-01-22,54.24
2018-01-23,44.95652173913044
2018-01-24,43.916666666666664
2018-01-25,32.625
2018-01-26,25.08
2018-01-27,21.56
2018-01-28,21.08695652173913
2018-01-29,22.72
2018-01-30,21.68
2018-01-31,23.833333333333332
2018-02-01,28.25
2018-02-02,40.208333333333336
2018-02-03,44.59090909090909
2018-02-04,52.31818181818182
2018-02-05,57.0
2018-02-06,55.09090909090909
2018-02-07,66.63636363636364
2018-02-08,63.333333333333336
2018-02-09,52.78260869565217
2018-02-10,47.73913043478261
2018-02-11,48.73913043478261
2018-02-12,49.69565217391305
2018-02-13,46.083333333333336
2018-02-14,57.708333333333336
2018-02-15,54.208333333333336
2018-02-16,45.625
2018-02-17,44.708333333333336
2018-02-18,44.391304347826086
2018-02-19,43.47826086956522
2018-02-20,29.73913043478261
2018-02-21,27.833333333333332
2018-02-22,27.25
2018-02-23,25.583333333333332
2018-02-24,31.25
2018-02-25,32.958333333333336
2018-02-26,34.625
2018-02-27,29.041666666666668
2018-02-28,36.608695652173914
2018-03-01,34.25
2018-03-02,32.625
2018-03-03,26.52173913043478
2018-03-04,25.363636363636363
2018-03-05,33.30434782608695
2018-03-06,35.09090909090909
2018-03-07,32.27272727272727
2018-03-08,37.041666666666664
2018-03-09,33.25
2018-03-10,35.75
2018-03-11,49.916666666666664
2018-03-12,59.083333333333336
2018-03-13,41.91304347826087
2018-03-14,37.09090909090909
2018-03-15,35.26086956521739
2018-03-16,37.08695652173913
2018-03-17,32.625
2018-03-18,32.95454545454545
2018-03-19,30.40909090909091
2018-03-20,35.30434782608695
2018-03-21,37.75
2018-03-22,40.708333333333336
2018-03-23,44.5
2018-03-24,49.625
2018-03-25,46.56521739130435
2018-03-26,40.458333333333336
2018-03-27,44.04347826086956
2018-03-28,40.083333333333336
2018-03-29,41.083333333333336
2018-03-30,41.16
2018-03-31,36.625
2018-04-01,37.24
2018-04-02,39.08
2018-04-03,35.083333333333336
2018-04-04,31.869565217391305
2018-04-05,30.916666666666668
2018-04-06,33.208333333333336
2018-04-07,18.391304347826086
2018-04-08,21.0
2018-04-09,34.375
2018-04-10,41.5
2018-04-11,34.28
2018-04-12,29.041666666666668
2018-04-13,29.166666666666668
2018-04-14,31.0
2018-04-15,29.208333333333332
2018-04-16,27.208333333333332
2018-04-17,19.625
2018-04-18,24.208333333333332
2018-04-19,24.391304347826086
2018-04-20,23.708333333333332
2018-04-21,27.72
2018-04-22,27.96
2018-04-23,30.4
2018-04-24,30.6
2018-04-25,28.82608695652174
2018-04-26,22.458333333333332
2018-04-27,21.0
2018-04-28,17.954545454545453
2018-04-29,18.041666666666668
2018-04-30,14.25
2018-05-01,11.08695652173913
2018-05-02,11.36
2018-05-03,14.2
2018-05-04,15.32
2018-05-05,13.91304347826087
2018-05-06,14.791666666666666
2018-05-07,17.08695652173913
2018-05-08,20.166666666666668
2018-05-09,20.72
2018-05-10,18.666666666666668
2018-05-11,17.958333333333332
2018-05-12,20.875
2018-05-13,18.96
2018-05-14,17.48
2018-05-15,19.916666666666668
2018-05-16,17.625
2018-05-17,15.458333333333334
2018-05-18,15.583333333333334
2018-05-19,15.875
2018-05-20,18.0
2018-05-21,17.68
2018-05-22,17.56
2018-05-23,18.56
2018-05-24,12.28
2018-05-25,11.92
2018-05-26,13.0
2018-05-27,12.76
2018-05-28,14.44
2018-05-29,10.8
2018-05-30,12.125
2018-05-31,15.652173913043478
2018-06-01,15.0
2018-06-02,14.92
2018-06-03,14.08
2018-06-04,13.8
2018-06-05,13.16
2018-06-06,14.0
2018-06-07,12.958333333333334
2018-06-08,11.92
2018-06-09,11.6
2018-06-10,13.4
2018-06-11,13.833333333333334
2018-06-12,13.5
2018-06-13,13.92
2018-06-14,14.36
2018-06-15,15.958333333333334
2018-06-16,16.083333333333332
2018-06-17,14.782608695652174
2018-06-18,18.916666666666668
2018-06-19,19.0
2018-06-20,13.92
2018-06-21,13.84
2018-06-22,17.72
2018-06-23,17.72
2018-06-24,15.416666666666666
2018-06-25,12.958333333333334
2018-06-26,14.26086956521739
2018-06-27,14.5
2018-06-28,15.0
2018-06-29,15.391304347826088
2018-06-30,13.043478260869565
2018-07-01,12.291666666666666
2018-07-02,11.625
2018-07-03,12.833333333333334
2018-07-04,13.083333333333334
2018-07-05,13.75
2018-07-06,12.826086956521738
2018-07-07,14.84
2018-07-08,18.0
2018-07-09,15.8
2018-07-10,16.391304347826086
2018-07-11,12.08695652173913
2018-07-12,13.12
2018-07-13,14.4
2018-07-14,17.32
2018-07-15,16.08695652173913
2018-07-16,17.40909090909091
2018-07-17,16.095238095238095
2018-07-18,12.130434782608695
2018-07-19,14.846153846153847
2018-07-20,14.928571428571429
2018-07-21,15.10344827586207
2018-07-22,14.571428571428571
2018-07-23,15.206896551724139
2018-07-24,17.433333333333334
2018-07-25,17.606060606060606
2018-07-26,17.15625
2018-07-27,17.125
2018-07-28,15.121212121212121
2018-07-29,14.757575757575758
2018-07-30,14.484848484848484
2018-07-31,14.90625
2018-08-01,16.303030303030305
2018-08-02,16.9375
2018-08-03,16.0
2018-08-04,16.5
2018-08-05,16.393939393939394
2018-08-06,16.4375
2018-08-07,18.0625
2018-08-08,20.322580645161292
2018-08-09,16.375
2018-08-10,15.515151515151516
2018-08-11,13.53125
2018-08-12,14.393939393939394
2018-08-13,16.28125
2018-08-14,15.774193548387096
2018-08-15,15.71875
2018-08-16,15.866666666666667
2018-08-17,14.818181818181818
2018-08-18,10.433333333333334
2018-08-19,12.5
2018-08-20,15.875
2018-08-21,18.575757575757574
2018-08-22,16.848484848484848
2018-08-23,17.612903225806452
2018-08-24,14.545454545454545
2018-08-25,13.21875
2018-08-26,13.757575757575758
2018-08-27,13.064516129032258
2018-08-28,13.71875
2018-08-29,14.75
2018-08-30,13.424242424242424
2018-08-31,11.875
2018-09-01,14.757575757575758
2018-09-02,14.935483870967742
2018-09-03,13.9375
2018-09-04,12.451612903225806
2018-09-05,12.0
2018-09-06,15.0
2018-09-07,17.0625
2018-09-08,19.125
2018-09-09,19.78125
2018-09-10,19.96875
2018-09-11,15.125
2018-09-12,14.806451612903226
2018-09-13,14.233333333333333
2018-09-14,13.066666666666666
2018-09-15,14.333333333333334
2018-09-16,14.46875
2018-09-17,11.9375
2018-09-18,11.32258064516129
2018-09-19,11.818181818181818
2018-09-20,16.575757575757574
2018-09-21,21.03125
2018-09-22,18.4375
2018-09-23,15.28125
2018-09-24,16.3125
2018-09-25,15.696969696969697
2018-09-26,13.969696969696969
2018-09-27,14.181818181818182
2018-09-28,15.666666666666666
2018-09-29,17.78787878787879
2018-09-30,14.875
2018-10-01,15.5
2018-10-02,17.756756756756758
2018-10-03,24.05263157894737
2018-10-04,25.526315789473685
2018-10-05,19.526315789473685
2018-10-06,21.289473684210527
2018-10-07,21.675675675675677
2018-10-08,24.36111111111111
2018-10-09,24.675675675675677
2018-10-10,27.257142857142856
2018-10-11,23.65714285714286
2018-10-12,18.833333333333332
2018-10-13,21.305555555555557
2018-10-14,21.714285714285715
2018-10-15,17.2972972972973
2018-10-16,16.054054054054053
2018-10-17,15.938775510204081
2018-10-18,16.79591836734694
2018-10-19,20.604166666666668
2018-10-20,17.916666666666668
2018-10-21,10.680851063829786
2018-10-22,11.625
2018-10-23,14.297872340425531
2018-10-24,15.551020408163266
2018-10-25,20.38
2018-10-26,18.979591836734695
2018-10-27,19.34
2018-10-28,17.8
2018-10-29,22.16
2018-10-30,22.784313725490197
2018-10-31,26.86
2018-11-01,29.98
2018-11-02,32.3
2018-11-03,34.21568627450981
2018-11-04,33.98
2018-11-05,33.89795918367347
2018-11-06,29.224489795918366
2018-11-07,23.88
2018-11-08,19.26530612244898
2018-11-09,18.183673469387756
2018-11-10,17.591836734693878
2018-11-11,17.142857142857142
2018-11-12,23.125
2018-11-13,27.448979591836736
2018-11-14,28.12
2018-11-15,27.5
2018-11-16,21.632653061224488
2018-11-17,20.428571428571427
2018-11-18,22.224489795918366
2018-11-19,24.083333333333332
2018-11-20,22.92
2018-11-21,26.56
2018-11-22,27.76
2018-11-23,22.22
2018-11-24,22.632653061224488
2018-11-25,26.877551020408163
2018-11-26,26.346938775510203
2018-11-27,25.32
2018-11-28,22.693877551020407
2018-11-29,28.020833333333332
2018-11-30,31.46938775510204
2018-12-01,32.083333333333336
2018-12-02,30.877551020408163
2018-12-03,31.1
2018-12-04,32.21568627450981
2018-12-05,28.8
2018-12-06,28.627450980392158
2018-12-07,34.06122448979592
2018-12-08,26.244897959183675
2018-12-09,22.62
2018-12-10,20.551020408163264
2018-12-11,23.58
2018-12-12,20.16
2018-12-13,18.1
2018-12-14,20.14
2018-12-15,21.64
2018-12-16,20.693877551020407
2018-12-17,20.122448979591837
2018-12-18,23.959183673469386
2018-12-19,34.285714285714285
2018-12-20,47.673469387755105
2018-12-21,45.326530612244895
2018-12-22,37.714285714285715
2018-12-23,34.479166666666664
2018-12-24,30.5531914893617
2018-12-25,37.0
2018-12-26,43.25
2018-12-27,46.583333333333336
2018-12-28,47.265306122448976
2018-12-29,24.081632653061224
2018-12-30,16.408163265306122
2018-12-31,17.122448979591837
2019-01-01,19.0
2019-01-02,20.64
2019-01-03,22.959183673469386
2019-01-04,25.557692307692307
2019-01-05,31.057692307692307
2019-01-06,42.90196078431372
2019-01-07,43.55769230769231
2019-01-08,26.431372549019606
2019-01-09,23.97872340425532
2019-01-10,34.11538461538461
2019-01-11,48.57692307692308
2019-01-12,45.254901960784316
2019-01-13,46.30769230769231
2019-01-14,46.86274509803921
2019-01-15,40.84313725490196
2019-01-16,37.72549019607843
2019-01-17,37.3921568627451
2019-01-18,28.615384615384617
2019-01-19,37.92156862745098
2019-01-20,45.78846153846154
2019-01-21,49.67307692307692
2019-01-22,41.1764705882353
2019-01-23,39.86
2019-01-24,43.05882352941177
2019-01-25,53.15384615384615
2019-01-26,49.56603773584906
2019-01-27,42.113207547169814
2019-01-28,50.77358490566038
2019-01-29,55.88461538461539
2019-01-30,64.30188679245283
2019-01-31,56.65384615384615
2019-02-01,39.9811320754717
2019-02-02,39.86538461538461
2019-02-03,33.568627450980394
2019-02-04,31.39622641509434
2019-02-05,30.807692307692307
2019-02-06,29.365384615384617
2019-02-07,33.03846153846154
2019-02-08,31.884615384615383
2019-02-09,30.528301886792452
2019-02-10,34.45283018867924
2019-02-11,38.16981132075472
2019-02-12,41.64150943396226
2019-02-13,51.056603773584904
2019-02-14,35.79245283018868
2019-02-15,34.54716981132076
2019-02-16,32.83018867924528
2019-02-17,24.132075471698112
2019-02-18,24.58490566037736
2019-02-19,24.865384615384617
2019-02-20,27.76923076923077
2019-02-21,32.490566037735846
2019-02-22,32.509433962264154
2019-02-23,34.80769230769231
2019-02-24,32.26923076923077
2019-02-25,35.132075471698116
2019-02-26,35.79245283018868
2019-02-27,38.19230769230769
2019-02-28,40.132075471698116
2019-03-01,36.56603773584906
2019-03-02,36.61538461538461
2019-03-03,35.61538461538461
2019-03-04,32.71153846153846
2019-03-05,34.132075471698116
2019-03-06,32.35294117647059
2019-03-07,29.745098039215687
2019-03-08,31.5
2019-03-09,28.865384615384617
2019-03-10,32.34615384615385
2019-03-11,44.44230769230769
2019-03-12,63.86274509803921
2019-03-13,58.48076923076923
2019-03-14,57.05882352941177
2019-03-15,56.568627450980394
2019-03-16,55.02
2019-03-17,52.68
2019-03-18,51.529411764705884
2019-03-19,39.431372549019606
2019-03-20,36.76
2019-03-21,36.76470588235294
2019-03-22,50.0
2019-03-23,72.22448979591837
2019-03-24,66.44
2019-03-25,46.18
2019-03-26,37.627450980392155
2019-03-27,35.14
2019-03-28,31.11764705882353
2019-03-29,41.69230769230769
2019-03-30,62.48
2019-03-31,50.5
2019-04-01,44.705882352941174
2019-04-02,43.80769230769231
2019-04-03,39.86274509803921
2019-04-04,39.35294117647059
2019-04-05,37.72
2019-04-06,38.06122448979592
2019-04-07,34.28
2019-04-08,33.104166666666664
2019-04-09,34.583333333333336
2019-04-10,36.98076923076923
2019-04-11,40.716981132075475
2019-04-12,43.27777777777778
2019-04-13,40.0377358490566
2019-04-14,30.296296296296298
2019-04-15,27.74074074074074
2019-04-16,29.09433962264151
2019-04-17,31.88888888888889
2019-04-18,27.705882352941178
2019-04-19,30.25925925925926
2019-04-20,37.55555555555556
2019-04-21,39.98076923076923
2019-04-22,30.641509433962263
2019-04-23,23.384615384615383
2019-04-24,25.596153846153847
2019-04-25,30.01851851851852
2019-04-26,33.2962962962963
2019-04-27,30.58490566037736
2019-04-28,23.9811320754717
2019-04-29,25.807692307692307
2019-04-30,25.607843137254903
2019-05-01,26.547169811320753
2019-05-02,30.150943396226417
2019-05-03,29.653846153846153
2019-05-04,22.576923076923077
2019-05-05,23.78
2019-05-06,29.076923076923077
2019-05-07,34.148148148148145
2019-05-08,35.388888888888886
2019-05-09,33.18
2019-05-10,30.76923076923077
2019-05-11,30.313725490196077
2019-05-12,29.692307692307693
2019-05-13,23.88
2019-05-14,23.632653061224488
2019-05-15,23.88
2019-05-16,24.01923076923077
2019-05-17,25.59259259259259
2019-05-18,28.77777777777778
2019-05-19,27.01851851851852
2019-05-20,26.425925925925927
2019-05-21,23.28301886792453
2019-05-22,17.134615384615383
2019-05-23,17.962264150943398
2019-05-24,17.92452830188679
2019-05-25,19.057692307692307
2019-05-26,16.867924528301888
2019-05-27,16.09433962264151
2019-05-28,15.692307692307692
2019-05-29,12.830188679245284
2019-05-30,11.285714285714286
2019-05-31,12.857142857142858
2019-06-01,13.018867924528301
2019-06-02,11.865384615384615
2019-06-03,12.882352941176471
2019-06-04,12.90566037735849
2019-06-05,13.471698113207546
2019-06-06,14.557692307692308
2019-06-07,15.566037735849056
2019-06-08,13.615384615384615
2019-06-09,11.596153846153847
2019-06-10,10.959183673469388
2019-06-11,12.84
2019-06-12,12.245283018867925
2019-06-13,12.884615384615385
2019-06-14,12.867924528301886
2019-06-15,12.636363636363637
2019-06-16,12.24074074074074
2019-06-17,11.169811320754716
2019-06-18,10.962962962962964
2019-06-19,11.471698113207546
2019-06-20,14.145454545454545
2019-06-21,14.963636363636363
2019-06-22,16.4
2019-06-23,15.872727272727273
2019-06-24,14.444444444444445
2019-06-25,13.203703703703704
2019-06-26,11.296296296296296
2019-06-27,12.267857142857142
2019-06-28,13.842105263157896
2019-06-29,11.631578947368421
2019-06-30,11.827586206896552
2019-07-01,14.559322033898304
2019-07-02,18.5
2019-07-03,15.258620689655173
2019-07-04,14.203389830508474
2019-07-05,13.070175438596491
2019-07-06,15.31578947368421
2019-07-07,14.017241379310345
2019-07-08,13.948275862068966
2019-07-09,14.883333333333333
2019-07-10,15.372881355932204
2019-07-11,15.616666666666667
2019-07-12,15.35
2019-07-13,14.833333333333334
2019-07-14,12.05
2019-07-15,11.666666666666666
2019-07-16,11.542372881355933
2019-07-17,11.25
2019-07-18,12.116666666666667
2019-07-19,12.383333333333333
2019-07-20,12.879310344827585
2019-07-21,10.016949152542374
2019-07-22,11.931034482758621
2019-07-23,13.542372881355933
2019-07-24,13.362068965517242
2019-07-25,12.389830508474576
2019-07-26,14.4
2019-07-27,13.864406779661017
2019-07-28,13.293103448275861
2019-07-29,10.88135593220339
2019-07-30,12.2
2019-07-31,12.525423728813559
2019-08-01,11.728813559322035
2019-08-02,12.416666666666666
2019-08-03,12.614035087719298
2019-08-04,11.533333333333333
2019-08-05,12.084745762711865
2019-08-06,13.051724137931034
2019-08-07,12.933333333333334
2019-08-08,12.116666666666667
2019-08-09,12.266666666666667
2019-08-10,9.24561403508772
2019-08-11,9.894736842105264
2019-08-12,11.327586206896552
2019-08-13,13.7
2019-08-14,14.483333333333333
2019-08-15,14.383333333333333
2019-08-16,14.183333333333334
2019-08-17,11.733333333333333
2019-08-18,11.225806451612904
2019-08-19,12.65
2019-08-20,13.047619047619047
2019-08-21,10.147540983606557
2019-08-22,10.919354838709678
2019-08-23,11.080645161290322
2019-08-24,10.296875
2019-08-25,8.88888888888889
2019-08-26,9.140625
2019-08-27,10.761904761904763
2019-08-28,10.34375
2019-08-29,10.921875
2019-08-30,11.344262295081966
2019-08-31,9.40625
2019-09-01,9.65079365079365
2019-09-02,11.629032258064516
2019-09-03,12.507936507936508
2019-09-04,13.5
2019-09-05,12.984375
2019-09-06,14.28125
2019-09-07,16.806451612903224
2019-09-08,14.290322580645162
2019-09-09,13.78125
2019-09-10,13.625
2019-09-11,14.15625
2019-09-12,14.703125
2019-09-13,12.6875
2019-09-14,11.71875
2019-09-15,13.73015873015873
2019-09-16,13.78125
2019-09-17,16.746031746031747
2019-09-18,18.365079365079364
2019-09-19,18.158730158730158
2019-09-20,18.484375
2019-09-21,16.693548387096776
2019-09-22,19.952380952380953
2019-09-23,19.516129032258064
2019-09-24,25.984375
2019-09-25,32.390625
2019-09-26,30.5625
2019-09-27,28.21875
2019-09-28,34.33870967741935
2019-09-29,38.19047619047619
2019-09-30,44.854838709677416
2019-10-01,28.095238095238095
2019-10-02,21.0
2019-10-03,20.612903225806452
2019-10-04,20.822580645161292
2019-10-05,19.983606557377048
2019-10-06,18.467741935483872
2019-10-07,16.666666666666668
2019-10-08,17.142857142857142
2019-10-09,19.349206349206348
2019-10-10,23.64406779661017
2019-10-11,21.419354838709676
2019-10-12,18.688524590163933
2019-10-13,17.476190476190474
2019-10-14,14.096774193548388
2019-10-15,17.338709677419356
2019-10-16,16.114754098360656
2019-10-17,16.065573770491802
2019-10-18,17.9672131147541
2019-10-19,19.57377049180328
2019-10-20,20.129032258064516
2019-10-21,23.806451612903224
2019-10-22,32.596774193548384
2019-10-23,24.661290322580644
2019-10-24,21.14516129032258
2019-10-25,23.0625
2019-10-26,23.11111111111111
2019-10-27,17.903225806451612
2019-10-28,18.758064516129032
2019-10-29,18.78125
2019-10-30,17.375
2019-10-31,20.3015873015873
2019-11-01,15.327868852459016
2019-11-02,17.081967213114755
2019-11-03,19.75409836065574
2019-11-04,23.5
2019-11-05,32.765625
2019-11-06,33.578125
2019-11-07,33.36507936507937
2019-11-08,33.1875
2019-11-09,35.20634920634921
2019-11-10,35.859375
2019-11-11,39.640625
2019-11-12,38.774193548387096
2019-11-13,30.338709677419356
2019-11-14,19.548387096774192
2019-11-15,21.873015873015873
2019-11-16,28.238095238095237
2019-11-17,28.216666666666665
2019-11-18,27.16393442622951
2019-11-19,27.322580645161292
2019-11-20,20.936507936507937
2019-11-21,23.761904761904763
2019-11-22,25.078125
2019-11-23,28.774193548387096
2019-11-24,27.95
2019-11-25,27.852459016393443
2019-11-26,23.327868852459016
2019-11-27,22.677419354838708
2019-11-28,18.080645161290324
2019-11-29,19.491803278688526
2019-11-30,21.193548387096776
2019-12-01,22.015873015873016
2019-12-02,20.22222222222222
2019-12-03,21.444444444444443
2019-12-04,27.65625
2019-12-05,30.03076923076923
2019-12-06,31.584615384615386
2019-12-07,30.476923076923075
2019-12-08,35.34920634920635
2019-12-09,36.42857142857143
2019-12-10,40.63076923076923
2019-12-11,47.953125
2019-12-12,47.56923076923077
2019-12-13,45.246153846153845
2019-12-14,39.46153846153846
2019-12-15,37.765625
2019-12-16,35.76923076923077
2019-12-17,35.69230769230769
2019-12-18,34.723076923076924
2019-12-19,34.52307692307692
2019-12-20,34.90769230769231
2019-12-21,34.6
2019-12-22,32.83076923076923
2019-12-23,31.692307692307693
2019-12-24,34.04615384615385
2019-12-25,37.56923076923077
2019-12-26,37.63076923076923
2019-12-27,40.96923076923077
2019-12-28,38.61538461538461
2019-12-29,37.765625
2019-12-30,34.596774193548384
2019-12-31,31.446153846153845
2020-01-01,21.476923076923075
2020-01-02,22.892307692307693
2020-01-03,26.70769230769231
2020-01-04,34.261538461538464
2020-01-05,40.292307692307695
2020-01-06,45.06153846153846
2020-01-07,49.609375
2020-01-08,50.753846153846155
2020-01-09,51.43076923076923
2020-01-10,61.58461538461538
2020-01-11,44.4
2020-01-12,40.56923076923077
2020-01-13,43.13846153846154
2020-01-14,40.90769230769231
2020-01-15,41.261538461538464
2020-01-16,43.261538461538464
2020-01-17,46.646153846153844
2020-01-18,55.16923076923077
2020-01-19,55.33846153846154
2020-01-20,55.921875
2020-01-21,49.171875
2020-01-22,43.015625
2020-01-23,39.63076923076923
2020-01-24,32.59375
2020-01-25,31.109375
2020-01-26,29.609375
2020-01-27,39.01538461538462
2020-01-28,39.03076923076923
2020-01-29,39.261538461538464
2020-01-30,43.215384615384615
2020-01-31,45.292307692307695
2020-02-01,54.58461538461538
2020-02-02,57.76923076923077
2020-02-03,53.19047619047619
2020-02-04,44.89230769230769
2020-02-05,37.646153846153844
2020-02-06,33.12307692307692
2020-02-07,35.738461538461536
2020-02-08,42.25
2020-02-09,44.215384615384615
2020-02-10,38.815384615384616
2020-02-11,45.2
2020-02-12,39.06153846153846
2020-02-13,21.26153846153846
2020-02-14,19.65625
2020-02-15,26.421875
2020-02-16,30.484375
2020-02-17,33.90769230769231
2020-02-18,38.676923076923075
2020-02-19,46.69230769230769
2020-02-20,56.44615384615385
2020-02-21,51.353846153846156
2020-02-22,47.46031746031746
2020-02-23,47.47692307692308
2020-02-24,58.41538461538462
2020-02-25,64.33846153846154
2020-02-26,51.09230769230769
2020-02-27,51.86153846153846
2020-02-28,43.375
2020-02-29,37.646153846153844
2020-03-01,37.208955223880594
2020-03-02,38.53030303030303
2020-03-03,31.651515151515152
2020-03-04,24.426470588235293
2020-03-05,21.955223880597014
2020-03-06,21.014705882352942
2020-03-07,24.26865671641791
2020-03-08,31.13235294117647
2020-03-09,41.10294117647059
2020-03-10,46.62686567164179
2020-03-11,43.92537313432836
2020-03-12,44.794117647058826
2020-03-13,48.86764705882353
2020-03-14,52.30882352941177
2020-03-15,49.03125
2020-03-16,41.014925373134325
2020-03-17,33.35294117647059
2020-03-18,34.91044776119403
2020-03-19,39.97014925373134
2020-03-20,40.044117647058826
2020-03-21,33.205882352941174
2020-03-22,32.64179104477612
2020-03-23,34.89705882352941
2020-03-24,33.64705882352941
2020-03-25,35.35820895522388
2020-03-26,33.02985074626866
2020-03-27,34.59701492537314
2020-03-28,46.77272727272727
2020-03-29,46.77272727272727
2020-03-30,49.07575757575758
2020-03-31,49.378787878787875
2020-04-01,46.53731343283582
2020-04-02,40.5
2020-04-03,37.0
2020-04-04,40.9264705882353
2020-04-05,39.40298507462686
2020-04-06,35.71641791044776
2020-04-07,32.32835820895522
2020-04-08,31.582089552238806
2020-04-09,32.378787878787875
2020-04-10,29.815384615384616
2020-04-11,32.89393939393939
2020-04-12,32.93939393939394
2020-04-13,28.078125
2020-04-14,30.83076923076923
2020-04-15,34.803030303030305
2020-04-16,27.615384615384617
2020-04-17,25.893939393939394
2020-04-18,21.369230769230768
2020-04-19,26.060606060606062
2020-04-20,26.6
2020-04-21,26.636363636363637
2020-04-22,27.96969696969697
2020-04-23,25.181818181818183
2020-04-24,21.953846153846154
2020-04-25,20.23076923076923
2020-04-26,22.833333333333332
2020-04-27,23.272727272727273
2020-04-28,21.415384615384614
2020-04-29,27.34375
2020-04-30,23.338461538461537
2020-05-01,20.939393939393938
2020-05-02,17.12121212121212
2020-05-03,16.9375
2020-05-04,18.876923076923077
2020-05-05,22.6
2020-05-06,21.06153846153846
2020-05-07,19.349206349206348
2020-05-08,16.625
2020-05-09,14.984615384615385
2020-05-10,13.772727272727273
2020-05-11,13.646153846153846
2020-05-12,18.12121212121212
2020-05-13,18.076923076923077
2020-05-14,17.26153846153846
2020-05-15,17.49230769230769
2020-05-16,17.484848484848484
2020-05-17,17.62121212121212
2020-05-18,15.818181818181818
2020-05-19,12.681818181818182
2020-05-20,13.476923076923077
2020-05-21,16.03030303030303
2020-05-22,22.59090909090909
2020-05-23,25.742424242424242
2020-05-24,23.794117647058822
2020-05-25,22.140625
2020-05-26,20.106060606060606
2020-05-27,14.409090909090908
2020-05-28,11.382352941176471
2020-05-29,11.716417910447761
2020-05-30,9.681818181818182
2020-05-31,10.765625
2020-06-01,11.742424242424242
2020-06-02,11.117647058823529
2020-06-03,11.485294117647058
2020-06-04,11.373134328358208
2020-06-05,10.597014925373134
2020-06-06,9.93939393939394
2020-06-07,8.727272727272727
2020-06-08,9.014925373134329
2020-06-09,9.712121212121213
2020-06-10,10.492537313432836
2020-06-11,11.96923076923077
2020-06-12,10.746268656716419
2020-06-13,10.552238805970148
2020-06-14,10.892307692307693
2020-06-15,9.184615384615384
2020-06-16,9.323076923076924
2020-06-17,9.476923076923077
2020-06-18,10.682539682539682
2020-06-19,11.0
2020-06-20,11.833333333333334
2020-06-21,11.484375
2020-06-22,12.4375
2020-06-23,11.764705882352942
2020-06-24,12.352941176470589
2020-06-25,11.147058823529411
2020-06-26,10.382352941176471
2020-06-27,10.575757575757576
2020-06-28,10.93939393939394
2020-06-29,10.691176470588236
2020-06-30,10.878787878787879
2020-07-01,10.507462686567164
2020-07-02,10.235294117647058
2020-07-03,10.823529411764707
2020-07-04,12.73134328358209
2020-07-05,11.074626865671641
2020-07-06,10.611940298507463
2020-07-07,11.417910447761194
2020-07-08,10.588235294117647
2020-07-09,10.823529411764707
2020-07-10,11.044776119402986
2020-07-11,11.044117647058824
2020-07-12,10.794117647058824
2020-07-13,9.119402985074627
2020-07-14,9.985074626865671
2020-07-15,11.447761194029852
2020-07-16,11.26865671641791
2020-07-17,10.835820895522389
2020-07-18,12.264705882352942
2020-07-19,9.970588235294118
2020-07-20,12.880597014925373
2020-07-21,12.838235294117647
2020-07-22,13.492537313432836
2020-07-23,12.611940298507463
2020-07-24,13.208955223880597
2020-07-25,12.746268656716419
2020-07-26,11.882352941176471
2020-07-27,11.117647058823529
2020-07-28,10.014925373134329
2020-07-29,10.545454545454545
2020-07-30,9.647058823529411
2020-07-31,9.852941176470589
2020-08-01,9.253731343283581
2020-08-02,8.014705882352942
2020-08-03,7.865671641791045
2020-08-04,9.382352941176471
2020-08-05,10.343283582089553
2020-08-06,12.117647058823529
2020-08-07,12.492537313432836
2020-08-08,10.808823529411764
2020-08-09,9.558823529411764
2020-08-10,9.805970149253731
2020-08-11,10.298507462686567
2020-08-12,9.26865671641791
2020-08-13,9.727272727272727
2020-08-14,11.477611940298507
2020-08-15,12.984848484848484
2020-08-16,12.661764705882353
2020-08-17,14.573529411764707
2020-08-18,15.808823529411764
2020-08-19,15.132352941176471
2020-08-20,16.102941176470587
2020-08-21,13.567164179104477
2020-08-22,10.833333333333334
2020-08-23,9.73134328358209
2020-08-24,12.621212121212121
2020-08-25,14.492537313432836
2020-08-26,13.303030303030303
2020-08-27,12.151515151515152
2020-08-28,13.136363636363637
2020-08-29,13.430769230769231
2020-08-30,14.636363636363637
2020-08-31,14.298507462686567
2020-09-01,13.701492537313433
2020-09-02,17.075757575757574
2020-09-03,16.119402985074625
2020-09-04,14.852941176470589
2020-09-05,13.529411764705882
2020-09-06,11.029411764705882
2020-09-07,10.264705882352942
2020-09-08,10.970149253731343
2020-09-09,12.73134328358209
2020-09-10,12.059701492537313
2020-09-11,10.333333333333334
2020-09-12,10.373134328358208
2020-09-13,10.382352941176471
2020-09-14,11.823529411764707
2020-09-15,11.313432835820896
2020-09-16,11.636363636363637
2020-09-17,11.35820895522388
2020-09-18,11.25
2020-09-19,7.907692307692308
2020-09-20,7.666666666666667
2020-09-21,11.432835820895523
2020-09-22,14.029411764705882
2020-09-23,16.104477611940297
2020-09-24,9.893939393939394
2020-09-25,10.238805970149254
2020-09-26,10.106060606060606
2020-09-27,10.015151515151516
2020-09-28,10.538461538461538
2020-09-29,9.363636363636363
2020-09-30,10.611940298507463
2020-10-01,10.56060606060606
2020-10-02,11.151515151515152
2020-10-03,10.712121212121213
2020-10-04,9.727272727272727
2020-10-05,12.892307692307693
2020-10-06,13.803030303030303
2020-10-07,15.123076923076923
2020-10-08,11.553846153846154
2020-10-09,11.076923076923077
2020-10-10,11.830769230769231
2020-10-11,14.015384615384615
2020-10-12,19.5625
2020-10-13,16.359375
2020-10-14,15.90625
2020-10-15,13.985074626865671
2020-10-16,11.575757575757576
2020-10-17,9.23076923076923
2020-10-18,9.318181818181818
2020-10-19,12.880597014925373
2020-10-20,12.720588235294118
2020-10-21,11.701492537313433
2020-10-22,15.044776119402986
2020-10-23,20.455882352941178
2020-10-24,25.166666666666668
2020-10-25,28.492537313432837
2020-10-26,30.746268656716417
2020-10-27,23.044776119402986
2020-10-28,22.28787878787879
2020-10-29,15.636363636363637
2020-10-30,11.833333333333334
2020-10-31,13.803030303030303
2020-11-01,13.348484848484848
2020-11-02,16.83582089552239
2020-11-03,19.328358208955223
2020-11-04,22.776119402985074
2020-11-05,21.37878787878788
2020-11-06,21.84375
2020-11-07,18.828125
2020-11-08,26.671875
2020-11-09,26.276923076923076
2020-11-10,28.926470588235293
2020-11-11,26.432835820895523
2020-11-12,21.791044776119403
2020-11-13,27.833333333333332
2020-11-14,32.215384615384615
2020-11-15,34.723076923076924
2020-11-16,24.046153846153846
2020-11-17,25.6
2020-11-18,26.257575757575758
2020-11-19,29.611940298507463
2020-11-20,29.246153846153845
2020-11-21,22.757575757575758
2020-11-22,19.765625
2020-11-23,22.90909090909091
2020-11-24,18.96923076923077
2020-11-25,18.893939393939394
2020-11-26,18.253968253968253
2020-11-27,15.96923076923077
2020-11-28,19.523076923076925
2020-11-29,18.584615384615386
2020-11-30,16.876923076923077
2020-12-01,17.184615384615384
2020-12-02,18.29850746268657
2020-12-03,18.651515151515152
2020-12-04,22.553846153846155
2020-12-05,24.138461538461538
2020-12-06,26.850746268656717
2020-12-07,29.761194029850746
2020-12-08,28.03030303030303
2020-12-09,30.426470588235293
2020-12-10,36.470588235294116
2020-12-11,40.01470588235294
2020-12-12,38.91044776119403
2020-12-13,38.205882352941174
2020-12-14,38.656716417910445
2020-12-15,36.40298507462686
2020-12-16,26.223880597014926
2020-12-17,21.75
2020-12-18,21.264705882352942
2020-12-19,18.567164179104477
2020-12-20,17.417910447761194
2020-12-21,20.723076923076924
2020-12-22,28.166666666666668
2020-12-23,35.02985074626866
2020-12-24,35.15151515151515
2020-12-25,29.55223880597015
2020-12-26,28.73134328358209
2020-12-27,29.313432835820894
2020-12-28,26.0
2020-12-29,27.880597014925375
2020-12-30,26.26865671641791
2020-12-31,20.106060606060606
2021-01-01,21.708333333333332
2021-01-02,25.972602739726028
2021-01-03,34.12328767123287
2021-01-04,30.863013698630137
2021-01-05,33.24657534246575
2021-01-06,33.56164383561644
2021-01-07,30.506849315068493
2021-01-08,22.84931506849315
2021-01-09,19.91780821917808
2021-01-10,26.068493150684933
2021-01-11,27.28767123287671
2021-01-12,25.541666666666668
2021-01-13,38.90277777777778
2021-01-14,54.763888888888886
2021-01-15,61.12328767123287
2021-01-16,54.44444444444444
2021-01-17,44.56944444444444
2021-01-18,32.97260273972603
2021-01-19,43.35616438356164
2021-01-20,54.3013698630137
2021-01-21,61.63013698630137
2021-01-22,68.43835616438356
2021-01-23,58.44444444444444
2021-01-24,40.78082191780822
2021-01-25,36.49315068493151
2021-01-26,37.84931506849315
2021-01-27,39.178082191780824
2021-01-28,38.69444444444444
2021-01-29,38.30555555555556
2021-01-30,43.21917808219178
2021-01-31,44.291666666666664
2021-02-01,50.04109589041096
2021-02-02,46.87671232876713
2021-02-03,47.657534246575345
2021-02-04,45.10958904109589
2021-02-05,46.28767123287671
2021-02-06,48.80821917808219
2021-02-07,51.794520547945204
2021-02-08,35.67123287671233
2021-02-09,24.875
2021-02-10,21.72222222222222
2021-02-11,27.410958904109588
2021-02-12,32.6986301369863
2021-02-13,35.04109589041096
2021-02-14,34.625
2021-02-15,35.56944444444444
2021-02-16,36.986111111111114
2021-02-17,38.56164383561644
2021-02-18,40.45205479452055
2021-02-19,36.28767123287671
2021-02-20,38.95890410958904
2021-02-21,51.52777777777778
2021-02-22,48.236111111111114
2021-02-23,45.958333333333336
2021-02-24,47.583333333333336
2021-02-25,46.397260273972606
2021-02-26,49.0
2021-02-27,53.84722222222222
2021-02-28,55.111111111111114
2021-03-01,42.73972602739726
2021-03-02,37.15068493150685
2021-03-03,31.123287671232877
2021-03-04,26.833333333333332
2021-03-05,28.069444444444443
2021-03-06,33.33802816901409
2021-03-07,40.416666666666664
2021-03-08,40.84931506849315
2021-03-09,40.082191780821915
2021-03-10,43.42465753424658
2021-03-11,45.397260273972606
2021-03-12,42.273972602739725
2021-03-13,41.521126760563384
2021-03-14,39.50684931506849
2021-03-15,37.6986301369863
2021-03-16,39.397260273972606
2021-03-17,41.84931506849315
2021-03-18,47.42465753424658
2021-03-19,45.72222222222222
2021-03-20,44.71232876712329
2021-03-21,37.726027397260275
2021-03-22,36.605633802816904
2021-03-23,31.82191780821918
2021-03-24,41.84722222222222
2021-03-25,41.458333333333336
2021-03-26,32.55555555555556
2021-03-27,32.111111111111114
2021-03-28,32.93150684931507
2021-03-29,31.87323943661972
2021-03-30,38.95890410958904
2021-03-31,44.657534246575345
2021-04-01,40.42465753424658
2021-04-02,36.0
2021-04-03,36.041666666666664
2021-04-04,28.17808219178082
2021-04-05,27.944444444444443
2021-04-06,22.6056338028169
2021-04-07,21.493150684931507
2021-04-08,23.71232876712329
2021-04-09,23.08219178082192
2021-04-10,26.25
2021-04-11,24.643835616438356
2021-04-12,23.972602739726028
2021-04-13,20.458333333333332
2021-04-14,18.680555555555557
2021-04-15,19.083333333333332
2021-04-16,19.876712328767123
2021-04-17,17.694444444444443
2021-04-18,14.657534246575343
2021-04-19,12.301369863013699
2021-04-20,14.507042253521126
2021-04-21,17.916666666666668
2021-04-22,24.15277777777778
2021-04-23,26.52777777777778
2021-04-24,27.136986301369863
2021-04-25,26.08219178082192
2021-04-26,20.859154929577464
2021-04-27,16.59722222222222
2021-04-28,18.140845070422536
2021-04-29,13.416666666666666
2021-04-30,14.732394366197184
2021-05-01,14.625
2021-05-02,17.450704225352112
2021-05-03,18.069444444444443
2021-05-04,21.666666666666668
2021-05-05,21.52777777777778
2021-05-06,17.414285714285715
2021-05-07,15.055555555555555
2021-05-08,20.17808219178082
2021-05-09,17.464788732394368
2021-05-10,17.08219178082192
2021-05-11,15.11111111111111
2021-05-12,14.13888888888889
2021-05-13,13.208333333333334
2021-05-14,14.430555555555555
2021-05-15,15.58904109589041
2021-05-16,14.847222222222221
2021-05-17,16.591549295774648
2021-05-18,15.068493150684931
2021-05-19,15.166666666666666
2021-05-20,14.23611111111111
2021-05-21,13.712328767123287
2021-05-22,12.112676056338028
2021-05-23,11.347222222222221
2021-05-24,11.04109589041096
2021-05-25,11.273972602739725
2021-05-26,13.25
2021-05-27,14.527777777777779
2021-05-28,12.315068493150685
2021-05-29,10.647887323943662
2021-05-30,9.794520547945206
2021-05-31,11.054794520547945
2021-06-01,13.232876712328768
2021-06-02,14.904109589041095
2021-06-03,15.67123287671233
2021-06-04,15.273972602739725
2021-06-05,12.985915492957746
2021-06-06,11.430555555555555
2021-06-07,10.602739726027398
2021-06-08,10.547945205479452
2021-06-09,9.287671232876713
2021-06-10,8.698630136986301
2021-06-11,10.73611111111111
2021-06-12,12.875
2021-06-13,12.98611111111111
2021-06-14,11.208333333333334
2021-06-15,10.112676056338028
2021-06-16,9.549295774647888
2021-06-17,10.684931506849315
2021-06-18,11.917808219178083
2021-06-19,12.726027397260275
2021-06-20,13.082191780821917
2021-06-21,18.506849315068493
2021-06-22,19.794520547945204
2021-06-23,16.013157894736842
2021-06-24,11.68421052631579
2021-06-25,13.779220779220779
2021-06-26,12.532467532467532
2021-06-27,11.090909090909092
2021-06-28,10.571428571428571
2021-06-30,12.61038961038961
2021-06-30,10.948051948051948
2021-07-01,10.090909090909092
2021-07-02,10.480519480519481
2021-07-03,10.605263157894736
2021-07-04,11.0
2021-07-05,10.779220779220779
2021-07-06,10.467532467532468
2021-07-07,9.657894736842104
2021-07-08,9.592105263157896
2021-07-09,9.454545454545455
2021-07-10,8.675324675324676
2021-07-11,7.565789473684211
2021-07-12,9.106666666666667
2021-07-13,12.402597402597403
2021-07-14,14.0
2021-07-15,11.337662337662337
2021-07-16,10.38961038961039
2021-07-17,11.207792207792208
2021-07-18,10.155844155844155
2021-07-19,9.04
2021-07-20,8.948051948051948
2021-07-21,9.753246753246753
2021-07-22,12.454545454545455
2021-07-23,11.714285714285714
2021-07-24,12.272727272727273
2021-07-25,10.285714285714286
2021-07-26,11.25974025974026
2021-07-27,9.636363636363637
2021-07-28,9.207792207792208
2021-07-29,11.013157894736842
2021-07-30,11.697368421052632
2021-07-31,12.355263157894736
2021-08-01,11.276315789473685
2021-08-02,11.56578947368421
2021-08-03,10.776315789473685
2021-08-04,11.948051948051948
2021-08-05,12.792207792207792
2021-08-06,12.311688311688311
2021-08-07,11.905405405405405
2021-08-08,13.039473684210526
2021-08-09,13.078947368421053
2021-08-10,13.28
2021-08-11,11.191780821917808
2021-08-12,10.12
2021-08-13,9.311688311688311
2021-08-14,9.441558441558442
2021-08-15,8.428571428571429
2021-08-16,8.376623376623376
2021-08-17,12.116883116883116
2021-08-18,13.226666666666667
2021-08-19,13.697368421052632
2021-08-20,14.657894736842104
2021-08-21,13.454545454545455
2021-08-22,12.74025974025974
2021-08-23,11.526315789473685
2021-08-24,10.293333333333333
2021-08-25,9.813333333333333
2021-08-26,8.756756756756756
2021-08-27,9.56
2021-08-28,9.460526315789474
2021-08-29,8.592105263157896
2021-08-30,10.621621621621621
2021-08-31,11.986301369863014
2021-09-01,12.526315789473685
2021-09-02,11.328947368421053
2021-09-03,9.506666666666666
2021-09-04,10.175675675675675
2021-09-05,11.04054054054054
2021-09-06,12.078947368421053
2021-09-07,12.14864864864865
2021-09-08,10.479452054794521
2021-09-09,9.56
2021-09-10,9.133333333333333
2021-09-11,9.513513513513514
2021-09-12,10.424657534246576
2021-09-13,11.14864864864865
2021-09-14,11.933333333333334
2021-09-15,11.157894736842104
2021-09-16,9.5
2021-09-17,10.407894736842104
2021-09-18,13.424657534246576
2021-09-19,12.178082191780822
2021-09-20,12.027397260273972
2021-09-21,9.28
2021-09-22,8.263157894736842
2021-09-23,9.407894736842104
2021-09-24,9.986842105263158
2021-09-25,9.773333333333333
2021-09-26,7.319444444444445
2021-09-27,10.013333333333334
2021-09-28,13.386666666666667
2021-09-29,19.0
2021-09-30,16.59722222222222
2021-10-01,12.859154929577464
2021-10-02,11.753424657534246
2021-10-03,13.41891891891892
2021-10-04,15.44
2021-10-05,16.81081081081081
2021-10-06,12.432432432432432
2021-10-07,14.297297297297296
2021-10-08,19.89041095890411
2021-10-09,13.973333333333333
2021-10-10,11.906666666666666
2021-10-11,9.652777777777779
2021-10-12,9.917808219178083
2021-10-13,9.753424657534246
2021-10-14,11.246575342465754
2021-10-15,10.933333333333334
2021-10-16,10.866666666666667
2021-10-17,8.25
2021-10-18,9.671052631578947
2021-10-19,13.575342465753424
2021-10-20,18.066666666666666
2021-10-21,18.44
2021-10-22,13.22972972972973
2021-10-23,10.794520547945206
2021-10-24,11.405405405405405
2021-10-25,13.95945945945946
2021-10-26,18.41891891891892
2021-10-27,19.386666666666667
2021-10-28,18.973684210526315
2021-10-29,15.605263157894736
2021-10-30,18.246575342465754
2021-10-31,12.44
2021-11-01,13.175675675675675
2021-11-02,14.293333333333333
2021-11-03,15.118421052631579
2021-11-04,17.07792207792208
2021-11-05,17.246753246753247
2021-11-06,19.155844155844157
2021-11-07,17.818181818181817
2021-11-08,16.413333333333334
2021-11-09,13.223684210526315
2021-11-10,15.447368421052632
2021-11-11,18.226666666666667
2021-11-12,19.24
2021-11-13,19.263157894736842
2021-11-14,22.039473684210527
2021-11-15,22.333333333333332
2021-11-16,18.644736842105264
2021-11-17,14.81578947368421
2021-11-18,15.947368421052632
2021-11-19,17.7012987012987
2021-11-20,20.467532467532468
2021-11-21,21.38961038961039
2021-11-22,20.394736842105264
2021-11-23,14.441558441558442
2021-11-24,14.064935064935066
2021-11-25,18.12987012987013
2021-11-26,20.467532467532468
2021-11-27,21.12987012987013
2021-11-28,23.44736842105263
2021-11-29,22.56578947368421
2021-11-30,23.428571428571427
2021-12-01,27.0
2021-12-02,27.0
2021-12-03,27.103896103896105
2021-12-04,28.675324675324674
2021-12-05,31.0
2021-12-06,32.532467532467535
2021-12-07,35.5
2021-12-08,34.27272727272727
2021-12-09,27.644736842105264
2021-12-10,23.961038961038962
2021-12-11,25.09090909090909
2021-12-12,23.571428571428573
2021-12-13,22.07792207792208
2021-12-14,29.973684210526315
2021-12-15,33.63636363636363
2021-12-16,35.55844155844156
2021-12-17,30.376623376623378
2021-12-18,25.092105263157894
2021-12-19,25.69736842105263
2021-12-20,35.3421052631579
2021-12-21,44.311688311688314
2021-12-22,46.18666666666667
2021-12-23,42.89473684210526
2021-12-24,38.36363636363637
2021-12-25,25.86842105263158
2021-12-26,22.25974025974026
2021-12-27,23.571428571428573
2021-12-28,17.493506493506494
2021-12-29,17.415584415584416
2021-12-30,17.144736842105264
2021-12-31,18.116883116883116
2022-01-01,19.25974025974026
2022-01-02,19.025974025974026
2022-01-03,21.428571428571427
2022-01-04,25.25974025974026
2022-01-05,29.376623376623378
2022-01-06,32.33766233766234
2022-01-07,32.921052631578945
2022-01-08,29.894736842105264
2022-01-09,32.25974025974026
2022-01-10,34.324675324675326
2022-01-11,32.81818181818182
2022-01-12,31.233766233766232
2022-01-13,30.363636363636363
2022-01-14,28.789473684210527
2022-01-15,32.16883116883117
2022-01-16,32.064935064935064
2022-01-17,35.16883116883117
2022-01-18,32.1578947368421
2022-01-19,25.144736842105264
2022-01-20,27.68421052631579
2022-01-21,20.894736842105264
2022-01-22,19.763157894736842
2022-01-23,19.364864864864863
2022-01-24,22.973333333333333
2022-01-25,26.513513513513512
2022-01-26,27.133333333333333
2022-01-27,28.67105263157895
2022-01-28,30.350649350649352
2022-01-29,29.144736842105264
2022-01-30,25.986842105263158
2022-01-31,25.233766233766232
2022-02-01,23.74025974025974
2022-02-02,19.657894736842106
2022-02-03,19.666666666666668
2022-02-04,23.42105263157895
2022-02-05,24.55263157894737
2022-02-06,28.233766233766232
2022-02-07,38.48051948051948
2022-02-08,39.22077922077922
2022-02-09,30.0
2022-02-10,26.662337662337663
2022-02-11,29.2987012987013
2022-02-12,29.051948051948052
2022-02-13,28.51948051948052
2022-02-14,25.68831168831169
2022-02-15,26.16883116883117
2022-02-16,30.11842105263158
2022-02-17,26.09090909090909
2022-02-18,18.038961038961038
2022-02-19,12.526315789473685
2022-02-20,11.662337662337663
2022-02-21,15.623376623376624
2022-02-22,21.181818181818183
2022-02-23,26.883116883116884
2022-02-24,27.428571428571427
2022-02-25,31.246753246753247
2022-02-26,35.72727272727273
2022-02-27,39.79220779220779
2022-02-28,47.064935064935064
2022-03-01,42.311688311688314
2022-03-02,33.51315789473684
2022-03-03,32.81818181818182
2022-03-04,34.61038961038961
2022-03-05,36.01298701298701
2022-03-06,32.0
2022-03-07,27.246753246753247
2022-03-08,23.55263157894737
2022-03-09,35.922077922077925
2022-03-10,31.727272727272727
2022-03-11,30.236842105263158
2022-03-12,34.413333333333334
2022-03-13,36.753246753246756
2022-03-14,35.63636363636363
2022-03-15,28.69333333333333
2022-03-16,23.82894736842105
2022-03-17,25.82894736842105
2022-03-18,25.857142857142858
2022-03-19,25.584415584415584
2022-03-20,24.0
2022-03-21,15.986842105263158
2022-03-22,14.026315789473685
2022-03-23,15.526315789473685
2022-03-24,16.106666666666666
2022-03-25,18.86842105263158
2022-03-26,19.818181818181817
2022-03-27,22.4025974025974
2022-03-28,23.36842105263158
2022-03-29,20.10810810810811
2022-03-30,22.87012987012987
2022-03-31,28.194805194805195
2022-04-01,24.77922077922078
2022-04-02,11.32
2022-04-03,11.893333333333333
2022-04-04,22.142857142857142
2022-04-05,29.842105263157894
2022-04-06,36.51948051948052
2022-04-07,41.46052631578947
2022-04-08,54.35526315789474
2022-04-09,63.71052631578947
2022-04-10,61.29333333333334
2022-04-11,50.63157894736842
2022-04-12,45.01298701298701
2022-04-13,41.5921052631579
2022-04-14,39.60526315789474
2022-04-15,37.77922077922078
2022-04-16,35.63636363636363
2022-04-17,30.98701298701299
2022-04-18,23.571428571428573
2022-04-19,21.173333333333332
2022-04-20,29.394736842105264
2022-04-21,24.842105263157894
2022-04-22,20.60810810810811
2022-04-23,19.373333333333335
2022-04-24,21.441558441558442
2022-04-25,21.350649350649352
2022-04-26,21.842105263157894
2022-04-27,25.644736842105264
2022-04-28,26.842105263157894
2022-04-29,20.573333333333334
2022-04-30,26.0
2022-05-01,18.61038961038961
2022-05-02,13.855263157894736
2022-05-03,13.44
2022-05-04,18.506493506493506
2022-05-05,23.675324675324674
2022-05-06,25.194805194805195
2022-05-07,18.0
2022-05-08,14.272727272727273
2022-05-09,14.35064935064935
2022-05-10,11.87012987012987
2022-05-11,11.168831168831169
2022-05-12,12.96103896103896
2022-05-13,15.2987012987013
2022-05-14,17.376623376623378
2022-05-15,17.486842105263158
2022-05-16,13.5
2022-05-17,11.857142857142858
2022-05-18,12.181818181818182
2022-05-19,11.381578947368421
2022-05-20,9.64935064935065
2022-05-21,8.922077922077921
2022-05-22,11.844155844155845
2022-05-23,13.526315789473685
2022-05-24,13.853333333333333
2022-05-25,14.342105263157896
2022-05-26,15.74025974025974
2022-05-27,17.727272727272727
2022-05-28,18.486842105263158
2022-05-29,20.61842105263158
2022-05-30,19.506493506493506
2022-05-31,17.948051948051948
2022-06-01,18.223684210526315
2022-06-02,16.93421052631579
2022-06-03,11.987012987012987
2022-06-04,9.921052631578947
2022-06-05,9.881578947368421
2022-06-06,9.662337662337663
2022-06-07,10.636363636363637
2022-06-08,11.311688311688311
2022-06-09,12.025974025974026
2022-06-10,13.012987012987013
2022-06-11,13.441558441558442
2022-06-12,13.986842105263158
2022-06-13,15.181818181818182
2022-06-14,16.233766233766232
2022-06-15,14.025974025974026
2022-06-16,13.12987012987013
2022-06-17,12.753246753246753
2022-06-18,11.763157894736842
2022-06-19,10.539473684210526
2022-06-20,10.519480519480519
2022-06-21,10.844155844155845
2022-06-22,11.618421052631579
2022-06-23,11.987012987012987
2022-06-24,11.103896103896103
2022-06-25,11.324675324675324
2022-06-26,10.441558441558442
2022-06-27,12.181818181818182
2022-06-28,12.051948051948052
2022-06-29,12.194805194805195
2022-06-30,11.12987012987013
